Username, Rounds Played, Time Played, Revives, Repairs, Heals, Resupplies, Squad Score, Orders_Comp, Flag Captured, Flag Defended, Bombs Placed, Bombs Defused, Game Mode Score, Region, ActInd, PTFOInd, TWInd
Sminkiottone,28,82135,82,0,338,0,148750,0,145,144,0,0,159670,2,71.305,24.9977,23.5372
SniperLeFou,113,274636,106,0,598,0,253190,1,149,296,0,0,612915,0,177.73,24.2477,12.8796
SniperScot-NL,0,11225,0,0,0,0,0,0,0,0,0,0,0,2,22.3209,0,0
Sombrecape,0,0,0,0,0,0,0,0,0,0,0,0,0,2,0,0,0
SomethinLikeDis,0,0,0,0,0,0,0,0,0,0,0,0,-2.92327e+06,1,0,0,0
Spacepoepy,0,13156,0,0,0,0,0,0,0,0,0,0,-4.17212e+06,2,23.5325,0,0
SpencerLP,0,15101,0,0,0,0,1010,0,1,1,0,0,0,2,24.6382,0,0
Sphygg,0,22722,0,0,0,0,0,0,0,0,0,0,0,1,28.2291,0,0
StarAdmiralx,0,80788,0,0,0,0,0,0,0,0,0,0,-15300,1,43.0672,0,0
Starbmcd,26,120700,594,0,1439,0,102170,1,86,33,0,0,249160,1,75.2276,16.5194,85.9172
Steil2809,0,32617,0,0,0,0,0,0,0,0,0,0,0,2,31.8403,0,0
Sthlippery_Stair,0,0,0,0,0,0,0,0,0,0,0,0,0,1,0,0,0
StormCrow_SC,54,88487,675,0,1345,0,243880,0,163,126,0,0,440670,3,98.3926,22.7155,45.1976
Supremex11,25,71793,10,0,21,0,46850,0,39,76,0,0,102690,2,66.4072,12.3371,7.57949
SzechuanGoose,0,22704,0,0,0,0,0,0,0,0,0,0,-6.12052e+06,1,28.2216,0,0
TSMExaltedOrb,0,1809,0,0,0,0,0,0,0,0,0,0,0,1,12.1542,0,0
TacOp280,34,106394,74,0,59,0,133920,1,41,119,0,0,-420,2,81.2023,0,10.9217
Taisetsuz,15,191768,108,0,77,0,55450,1,100,15,0,0,395540,3,72.4334,26.509,19.7971
Taiwan-Aksks,0,0,0,0,0,0,0,0,0,0,0,0,0,3,0,0,0
TankHulk,19,29959,21,0,35,0,78220,0,77,58,0,0,235110,2,49.9516,21.1287,10.0097
Taturtot,0,14509,0,0,0,0,0,0,0,0,0,0,0,1,24.3123,0,0
Taukan,0,36019,0,0,0,0,0,0,0,0,0,0,-111410,2,32.9098,0,0
TeTn-tVerzet,58,186529,215,26,786,1,175590,1,159,250,0,0,424940,2,114.906,26.296,24.4174
Th0mps0n73,12,30493,0,0,11,0,66710,0,41,44,0,0,137300,2,43.1343,18.3523,8.63474
The-litter-cloud,11,17532,0,0,0,0,32820,0,7,22,0,0,132250,3,36.8938,9.20555,7.39032
TheBlanquillo,77,133680,116,0,703,6,308580,0,256,377,0,0,226870,2,127.931,22.8987,17.9562
TheBrokenRooster,18,28302,51,0,110,0,43700,0,40,38,0,0,-4.96822e+06,3,48.3707,0,15.0189
TheFuzzyRedDice,17,72708,92,5,130,1,46120,0,30,53,0,0,-39590,2,58.5821,0,20.2164
TheJohnMan1980,333,342116,597,2,2418,0,701500,1,1054,659,0,0,2.76461e+06,0,402.643,79.8961,15.7743
TheReidOption,0,0,0,0,0,0,0,0,0,0,0,0,0,1,0,0,0
The_Coldwater,0,0,0,0,0,0,0,0,0,0,0,0,0,2,0,0,0
The_PaTRiiioT,0,10824,0,0,0,0,0,0,0,0,0,0,0,2,22.0522,0,0
The_Sky_Fvcker,0,53387,0,0,0,0,0,0,0,0,0,0,0,3,37.5177,0,0
ThorStein85,1,84526,11,0,71,0,7910,0,11,2,0,0,15200,2,44.7208,26.592,91.4307
Thundercate,97,197361,0,11,29,3,228140,0,95,228,0,0,199610,2,154.986,12.1335,6.96327
Tissallia,0,14677,0,0,0,0,0,0,0,0,0,0,-2800,2,24.4056,0,0
Toecutter63666,99,391627,0,0,106,2,305680,1,267,151,0,0,670570,2,171.85,26.7437,8.45391
Tokine_N,0,606,0,0,0,0,0,0,0,0,0,0,-30870,1,8.44429,0,0
TomCarrotKim,4,41175,28,0,79,0,9560,0,8,7,0,0,14440,1,38.4091,7.56537,32.992
TonyMont-NL,2,7135,0,0,0,0,1000,0,6,7,0,0,-1.15398e+06,2,21.1947,0,4.72871
TrollYou5150,6,28008,0,0,0,0,22650,0,38,17,0,0,-2.26429e+06,2,36.2653,0,7.83843
TrumpT8nk,46,52459,13,0,11,0,75620,0,56,78,0,0,223140,1,83.2992,11.7945,6.36663
TygaLyke,61,160276,4,8,19,0,79820,0,134,125,0,0,329080,1,115.103,17.7138,6.01384
Un1t3d_Iskariot,57,146302,252,0,144,1,194090,0,184,159,0,0,122430,2,109.484,15.9189,13.6389
Us3rL3ss,13,30578,50,0,75,0,15480,0,33,24,0,0,47800,2,44.1631,9.66361,14.8734
VLADlMIR_PUTlN,27,82415,61,0,361,1,92930,0,108,68,0,0,257595,3,70.3541,20.7532,22.659
VanDownByRiverr,0,21890,0,0,0,0,0,0,0,0,0,0,0,1,27.8806,0,0
VendoEmpanadasYT,0,1365,0,0,0,0,0,0,0,0,0,0,0,1,11.0662,0,0
VinbeeL,0,0,0,0,0,0,0,0,0,0,0,0,0,3,0,0,0
WadeJRWilson,59,141577,222,8,915,2,223130,1,175,305,0,0,51430,3,110.914,17.7779,26.8415
Warrkan7734,0,8797,0,0,6,0,5590,0,2,5,0,0,0,2,20.5809,0,0
Wartranz,0,0,0,0,0,0,0,0,0,0,0,0,-8540,1,0,0,0
WebOfDoom,62,132458,784,0,2406,1,273330,1,216,225,0,0,449970,2,112.775,26.963,59.1482
Whiterabbit443,117,339131,615,116,4316,3,384250,0,287,260,0,0,793180,3,186.44,30.8968,50.5701
WildHunt_86,87,122730,70,0,175,-597,157990,0,185,451,0,0,690070,3,136.502,33.2477,2.52708
WonDeR-BiG_DJB,0,6205,0,0,0,0,0,0,0,0,0,0,0,2,18.3224,0,0
Wongwxxxx,0,0,0,0,0,0,0,0,0,0,0,0,-1950,3,0,0,0
Wytarganiec,0,1681,0,0,0,0,0,0,0,0,0,0,-13290,2,11.8608,0,0
Xant0r,0,20086,0,0,0,0,0,0,0,0,0,0,0,2,27.0934,0,0
Xedo886,0,56651,0,0,0,0,0,0,0,0,0,0,-5245,1,38.2664,0,0
Xiphoideus,32,85445,4,0,787,0,72440,0,70,173,0,0,169510,2,75.8785,20.2793,30.8972
Yornif_Tatouf,0,25443,2,0,4,0,370,0,0,0,0,0,850,1,29.3126,0,0
Yourmamasentme1,62,203741,0,9,0,1,181950,1,125,262,0,0,494010,1,120.603,26.1304,7.35978
Yurator,0,131725,0,0,0,0,0,0,0,0,0,0,-9445,2,50.6815,0,0
Yuser-MAKUTOR,0,595,0,0,0,0,0,0,0,0,0,0,-24870,2,8.39294,0,0
Zen_v1,34,104388,56,4,264,0,98740,0,171,122,0,0,-3.83286e+06,1,80.9041,0,16.3409
Zivotinjica,254,401186,295,2,763,3,555970,1,326,696,0,0,-2.13654e+06,2,327.437,0,10.8393
_TaBarNax_,17,48635,7,0,24,0,31650,0,63,37,0,0,114475,2,53.3709,14.6854,7.56805
_TecH_x_N0iR_,14,17736,91,0,373,0,107290,0,31,60,0,0,-8850,2,39.9938,0,42.3562
_gh0stdad_666_,0,1064,0,0,0,0,0,0,0,0,0,0,0,2,10.1852,0,0
aK_Jeez,0,2292,0,0,0,0,0,0,0,0,0,0,0,1,13.1508,0,0
aa_cofoe,19,65811,0,0,3,0,26070,0,54,30,0,0,124080,2,59.2248,11.9672,6.08609
aiueosoba,0,4814,0,0,0,0,0,0,0,0,0,0,-209820,3,16.8374,0,0
amjadr360,14,142593,18,1,78,0,57930,0,30,65,0,0,-3.86116e+06,0,66.0373,0,14.0199
angles951,301,293004,223,0,870,1,210660,1,155,398,0,0,303900,3,367.141,12.0271,8.14185
anotherling,1,5444,0,0,0,0,0,0,0,0,0,0,-52250,0,18.5413,0,0
argus4,59,116133,85,38,521,2,136830,0,147,191,0,0,376610,3,107.599,22,16.9395
arriola_00,52,102713,62,0,158,0,79380,0,68,70,11,4,38535,1,98.6521,7.36852,10.2501
asekas69,81,220015,158,0,709,2,289310,0,169,246,0,0,-3.20084e+06,2,141.122,0,17.7303
axl0088,0,41475,0,0,0,0,0,0,0,0,0,0,-4.14109e+06,3,34.4924,0,0
bartomoto440,0,43772,0,0,1,0,750,0,1,1,0,0,-1310,2,35.1171,0,0
batfur,5,63231,13,6,46,0,16960,0,16,54,0,0,11400,1,44.6926,28.4576,20.6316
battery_zhu,8,29648,3,0,14,0,15770,0,29,23,0,0,63550,3,38.8443,15.1548,8.66303
bet_yours,99,62994,93,78,655,0,129540,0,106,113,1,0,333630,3,138.643,13.8375,14.0138
bikingwaffles,0,0,0,0,0,0,0,0,0,0,0,0,-77170,2,0,0,0
biniu44,74,187007,92,19,684,0,181860,0,145,149,0,0,376395,2,130.955,17.9942,17.0405
bob996,4,4080,3,0,17,0,7960,0,4,20,0,0,28300,1,19.9349,13.0353,11.679
budabellyx,0,62332,0,0,0,0,0,0,0,0,0,0,-6.42041e+06,1,39.5038,0,0
bumpifobic,32,108433,55,0,190,1,75190,0,37,85,0,0,26600,2,79.5017,7.97903,13.9618
cagli77,0,64292,0,0,0,0,0,0,0,0,0,0,0,2,39.9132,0,0
carballosport,3,26762,0,0,0,0,6230,0,9,6,0,0,-5.05614e+06,2,32.8101,0,6.75005
cb58ooops,17,72944,0,0,0,0,66010,0,84,68,0,0,193500,0,58.627,22.9609,7.8934
cixie2016,0,10106,0,0,0,0,0,0,0,0,0,0,0,3,21.5539,0,0
cracked8thst,8,48169,0,0,0,0,9910,0,19,32,0,0,-37345,2,44.2545,0,5.93171
cuertsi,0,48074,0,0,0,0,0,0,0,0,0,0,-2.88937e+06,2,36.2306,0,0
cxBasic,4,23935,0,0,1,0,10200,0,8,25,0,0,47850,3,32.7222,17.6652,7.10616
d3r_OnK3L,0,11583,0,0,0,0,0,0,0,0,0,0,-878950,2,22.5555,0,0
dIRTYJONI007,170,548104,160,11,646,2,330820,0,233,419,0,0,201250,3,251.478,13.1797,10.6418
daluoooo,75,117985,248,37,1491,1,147420,0,202,189,0,0,0,3,123.856,10,29.658
darkangel03331,29,49041,25,0,6,0,73340,0,71,79,0,0,201990,1,65.4717,16.2006,8.09078
dddaaarrrr,33,145894,64,5,336,0,90270,0,76,106,0,0,44180,1,85.4354,12.5489,19.2317
dddddimon,29,67849,23,0,80,0,48600,0,20,18,0,0,62300,2,69.6353,4.11622,9.3974
de-rudy55,0,0,0,0,0,0,0,0,0,0,0,0,0,2,0,0,0
defenderstorm,0,37149,0,0,0,0,0,0,0,0,0,0,0,1,33.2501,0,0
denis022,8,68655,0,0,0,0,10440,0,16,10,0,0,25260,2,48.7955,6.93445,6.01039
dido9721,115,196993,986,0,5282,0,434180,0,271,296,0,0,661710,2,172.95,27.5144,61.8384
dlr79,5,27781,1,0,0,0,9740,0,13,17,0,0,69030,2,35.1834,14.3232,6.6435
drayco187,0,28290,0,0,0,0,0,0,0,0,0,0,0,1,30.3664,0,0
ecthable,8,76990,0,0,0,18,30290,0,45,59,0,0,108800,2,50.3821,29.5181,9.84414
enjoykillin,19,70426,21,0,52,0,34100,0,29,37,0,0,105030,3,60.1429,9.40653,9.50812
enton_1989,0,95493,0,0,0,0,0,0,0,0,0,0,-48475,2,45.5334,0,0
foul0wl,0,23515,0,0,0,0,0,0,0,0,0,0,0,2,28.5534,0,0
fox-judgment,0,0,0,0,0,0,0,0,0,0,0,0,-22180,3,0,0,0
fraGer71,14,37679,4,0,16,0,13180,0,14,11,0,0,60230,1,47.4073,5.05219,6.53857
francky61100,0,5356,0,0,0,0,0,0,0,0,0,0,0,2,17.4463,0,0
frank186,18,77232,29,0,116,0,44500,0,78,54,0,0,135360,2,60.4264,18.296,15.0512
frapsoffice,0,111998,0,0,0,0,0,0,0,0,0,0,-3.81302e+06,2,48.0161,0,0
fsxdc,20,205288,39,5,168,0,19370,0,49,61,0,0,108610,3,78.7512,14.5125,15.5779
fullmoon45,22,46691,66,0,466,0,51910,0,63,109,0,0,122870,2,57.8802,18.9318,30.9692
fznwat,48,49500,172,0,403,0,233820,0,351,255,0,0,160740,1,84.585,30.0283,19.3542
gorant87,0,28012,0,0,0,0,0,0,0,0,0,0,0,3,30.2667,0,0
greenrose1,0,0,0,0,0,0,0,0,0,0,0,0,0,2,0,0,0
gugafsa,3,6256,0,0,0,0,5420,0,9,3,0,0,12080,1,21.3724,8.48195,6.51898
hefferveisen,73,200060,0,5,20,0,90080,0,39,115,0,0,235530,3,131.249,11.1404,5.92571
hesus225,0,67143,0,0,0,0,0,0,0,0,0,0,0,2,40.4941,0,0
heyFKme,0,19685,0,0,0,0,0,0,0,0,0,0,0,3,26.9121,0,0
hiro306h,49,51555,0,0,101,0,88100,0,64,171,2,5,87860,3,86.084,11.8943,8.51084
huehnerhugo,29,93070,45,0,569,0,101060,0,46,44,0,0,130580,2,74.1454,10.1569,28.6828
huskylux,67,70795,127,0,329,0,108770,0,84,190,0,0,257950,2,108.215,15.763,12.3472
iFunTox,0,7466,0,0,0,0,0,0,0,0,0,0,-29210,2,19.4867,0,0
iSyvia,14,85009,0,0,0,0,9620,0,8,25,0,0,10900,2,57.8038,4.43968,5.11964
ice-Gunactor,35,93219,47,0,202,1,84070,1,81,121,0,0,198010,3,80.1695,17.0883,14.0007
illogitech_ita,2,59370,0,0,0,0,700,0,1,5,0,0,-135305,2,40.8685,0,4.32531
ilnein,1,18235,0,0,0,0,2420,0,7,6,0,0,-6.80563e+06,2,27.235,0,7.01381
inox40,25,155691,0,0,0,1,73880,0,113,49,0,0,206795,2,78.5826,18.3359,7.37292
isoss22,0,30658,0,0,0,0,0,0,0,0,0,0,0,2,31.1903,0,0
jabbothehut,0,1282,0,0,0,0,0,0,0,0,0,0,-147990,2,10.8374,0,0
jaianman,167,210569,100,41,498,1,243150,0,156,294,3,0,507550,3,226.25,19.4878,9.17612
janus1974,28,107240,0,0,1,0,92490,0,55,40,0,0,78370,2,75.327,8.60788,7.58101
jdasjdas,9,50544,18,0,20,0,15580,0,33,9,0,0,62160,2,45.8402,11.1119,10.4502
johnnybuda,103,208666,792,11,2158,2,488380,0,258,367,0,0,675490,2,162.071,30.871,36.2979
jucksack123,0,0,0,0,0,0,0,0,0,0,0,0,-4565,2,0,0,0
k3lomat,15,22100,104,0,463,0,52350,0,32,26,0,0,0,2,42.9694,7,44.6861
k3zza_m4chin3_,58,139047,312,0,676,0,158590,1,121,146,1,1,389895,3,109.603,20.3574,24.231
kONe_III,0,12298,0,0,0,0,0,0,0,0,0,0,0,2,23.0099,0,0
kabelimats,151,225584,200,3,615,1,443320,0,128,420,0,0,204640,2,211.625,13.2752,12.3604
kchillout57,0,8203,0,0,0,0,790,0,4,1,0,0,-31880,2,20.1073,0,0
keneer,16,57171,73,0,142,1,50460,0,39,62,0,0,-25515,1,54.3831,0,20.4934
kennykennith,3,198835,0,0,0,0,300,0,1,0,0,0,-48690,3,61.1297,0,3.16228
kitsune_k4waii,35,40041,7,0,23,81,76792,0,24,127,0,0,0,3,69.0906,8,9.84399
koldino79,37,184661,221,0,975,0,136680,0,143,138,0,0,350070,2,93.7157,25.2834,39.796
l-EternaLEnVy-l,0,2625,0,0,0,0,0,0,0,0,0,0,0,3,13.7585,0,0
lBASl,0,562,0,0,0,0,0,0,0,0,0,0,0,2,8.23497,0,0
l___SPY___I,12,99188,5,20,6,0,33590,0,8,19,0,0,-3.85068e+06,2,58.1127,0,9.27362
lafizy,74,156216,115,0,343,0,137010,0,134,212,0,0,-3.45244e+06,2,127.643,0,12.5592
laggr15,12,74663,28,0,95,1,39640,0,36,25,0,0,-2.18767e+06,2,53.9512,0,17.581
llTheDoctor46ll,4,10958,4,0,3,0,3460,0,7,6,0,0,-398560,3,26.1427,0,6.42318
llllFalconllll,70,496848,129,0,1118,0,81440,0,90,133,0,0,136410,1,148.857,10.3265,22.8398
lmNooooob,0,0,0,0,0,0,0,0,0,0,0,0,0,3,0,0,0
lorochimi,0,1841,0,0,0,0,0,0,0,0,0,0,0,3,12.2254,0,0
lucholimpo,160,258036,73,0,374,4,467320,1,695,706,0,0,1.67925e+06,1,223.4,60.9323,9.35099
luningO_O,0,52084,0,0,0,0,0,0,0,0,0,0,-11940,3,37.2102,0,0
m0Jlevi4,31,105510,0,0,64,1,58370,0,30,38,0,2,94400,2,78.0714,7.09027,8.5865
madcow0812,25,282060,1,0,35,0,56710,0,21,29,0,0,-4.36135e+06,1,90.3076,0,7.90098
mario-banane,0,0,0,0,0,0,0,0,0,0,0,0,0,1,0,0,0
mcwopppersnaggy,0,10045,0,0,0,0,0,0,0,0,0,0,0,3,21.5104,0,0
mellod90,0,106414,0,0,0,0,0,0,0,0,0,0,-640,2,47.2053,0,0
metalchromesan,36,33311,84,45,711,1,77570,0,122,67,0,0,244640,3,68.0643,17.3939,29.8126
midgetMASSACRE7,0,77422,0,0,0,0,0,0,0,0,0,0,-4.03639e+06,1,42.4612,0,0
minamimuki,21,40500,0,0,1,1,47390,0,45,42,0,0,86200,0,55.2202,10.8444,6.89183
molinokuma,167,283315,394,0,4364,2,96090,0,98,270,0,0,354780,3,232.404,14.4108,32.8969
moneyhats,19,69278,60,0,200,0,84220,0,74,109,0,0,228150,1,59.9184,25.9345,21.1592
mvnkil,0,0,0,0,0,0,0,0,0,0,0,0,0,2,0,0,0
mxxlele,27,240580,9,0,29,0,64420,1,53,107,0,0,131640,2,88.9383,15.1878,7.98831
myhxz,121,180709,342,0,1412,4,225650,0,165,288,0,0,-5.74348e+06,1,177.309,0,20.5707
nacholp41,98,156717,124,32,422,0,238790,0,262,300,0,0,755600,1,151.7,31.9342,12.0254
nemets135,2,46968,0,0,0,0,1250,0,2,0,0,0,-3.55604e+06,2,37.9509,0,5
neonesis,0,34840,0,0,0,0,0,0,0,0,0,0,0,2,32.5471,0,0
neusiedl9,151,488592,138,20,403,0,175280,0,242,102,12,4,578430,2,229.419,20.3484,8.83599
nexT_Quenezui,24,68620,4,0,13,0,40160,0,29,78,0,0,-4.47836e+06,1,64.7885,0,6.39549
nissedanne,19,66624,27,0,62,0,32220,0,35,71,0,0,113100,2,59.3895,14.6449,10.4164
notbrianm,1,27935,0,0,0,0,70,0,0,11,0,0,-641225,1,31.239,0,2.89251
oflowmoralfiber,12,93917,37,0,88,0,41880,0,42,54,0,0,-3.66531e+06,2,57.2818,0,17.6861
okmjjx,42,117933,6,0,26,0,36150,0,6,19,0,0,20865,2,90.8489,1.7867,5.41533
old_healer,79,178640,114,141,209,1,166200,0,132,179,0,0,92800,2,135.093,10.0424,11.7719
oldguy66,37,122670,32,0,58,1,71420,0,115,65,0,0,179550,1,86.4937,14.5654,8.6281
ooDestroyer93oo,35,116595,2,0,393,0,102820,0,61,72,0,0,92520,2,83.6636,10.0341,18.3617
ozhealth,526,986330,893,4,6841,7,1135330,2,1449,1478,0,0,2.67992e+06,3,625.085,78.8974,20.8157
padonok910,0,20406,0,0,0,0,0,0,0,0,0,0,0,2,27.2364,0,0
perfunctory,0,69343,0,0,0,0,0,0,0,0,0,0,0,1,40.9311,0,0
pirito_10,0,9532,0,0,0,0,0,0,0,0,0,0,0,2,21.1382,0,0
pprob340,12,102850,50,0,222,0,37140,0,28,44,0,0,57640,2,58.6728,13.9718,29.4587
r3demptor,91,152338,493,0,1626,0,405420,1,476,349,0,0,1.02961e+06,2,144.196,45.8882,31.1698
rafabets,74,81660,332,231,2469,0,445500,0,283,221,0,0,1.04732e+06,3,117.221,41.333,48.8084
raul-sf-ferreira,1,9945,1,0,2,0,1800,0,5,8,0,0,10200,2,22.4389,26.4144,9.51356
rayleigh974,0,0,0,0,0,0,0,0,0,0,0,0,-4670,2,0,0,0
ric85bo,69,169839,129,0,590,2,221590,0,104,104,0,0,157600,2,124.157,10.9382,17.5277
yelabd,51,150383,20,0,140,1,126900,1,262,202,0,0,555910,2,103.967,33.759,10.0626
zato_iczi,30,108371,51,0,93,1,48520,0,30,41,0,0,33250,2,77.4926,5.19756,10.3413
znameniti,53,57474,13,0,73,1,152860,0,191,180,0,0,-7.01918e+06,2,91.4507,0,8.32823
--BuRnEer--,0,32010,0,0,0,0,0,0,0,0,0,0,-185710,2,31.6417,0,0
--GeeTeeEye--,0,11797,0,0,0,0,0,0,0,0,0,0,0,1,22.6934,0,0
-EC-Etothed,3,2540,12,0,28,0,12620,0,9,8,0,0,-563300,2,16.6085,0,21.0532
-Feu3rFr3i-,0,33688,0,0,0,0,0,0,0,0,0,0,0,2,32.1847,0,0
-Fr-LeXa,47,164167,336,0,1018,0,208720,0,314,167,0,0,648310,0,101.537,38.1672,36.1629
-HERO-CCTV14,0,765,0,0,0,0,0,0,0,0,0,0,0,3,9.12555,0,0
-HERO-Cinder,0,17050,0,0,0,0,0,0,0,0,0,0,0,1,25.6545,0,0
-Jujubi-,0,56881,0,0,0,0,0,0,0,0,0,0,0,2,38.3181,0,0
-KRUT-Archfry,0,0,0,0,0,0,0,0,0,0,0,0,-5.27948e+06,2,0,0,0
-PR-oRBital,0,321,0,0,0,0,0,0,0,0,0,0,0,2,6.83386,0,0
-uhha-2017-,0,0,0,0,0,0,0,0,0,0,0,0,0,3,0,0,0
-wdqwfy-HQ,0,0,0,0,0,0,0,0,0,0,0,0,0,3,0,0,0
00C0,0,0,0,0,0,0,0,0,0,0,0,0,-4.91097e+06,3,0,0,0
0bock,23,135612,90,7,397,0,93110,0,85,75,0,0,250745,2,74.1747,20.5634,28.9765
141-Shrimps,5,72849,0,0,0,0,7400,0,9,15,0,0,18550,3,46.609,9.70778,6.20248
14_LeoNiDas_53,78,158927,155,0,430,1,179450,0,68,197,0,0,18190,2,131.951,6.69543,13.9252
1918rushb,38,144311,0,0,24,0,50510,0,21,75,0,0,236860,3,90.2452,12.1774,6.03784
19NicK64,0,4887,0,0,0,0,0,0,0,0,0,0,0,2,16.922,0,0
1strawberrymilk5,36,51762,0,32,10,0,75970,0,70,66,0,0,-5.8478e+06,3,73.1335,0,7.77752
3G-Simmel,0,0,0,0,0,0,0,0,0,0,0,0,-37430,2,0,0,0
3Smup,0,41864,0,0,0,0,0,0,0,0,0,0,0,2,34.5998,0,0
710TOKE,19,67300,0,14,0,0,41470,0,26,46,0,0,-19180,1,59.5256,0,6.83461
7ACT1CS,0,49796,0,0,0,0,0,0,0,0,0,0,0,1,36.6577,0,0
9A64,0,0,0,0,0,0,0,0,0,0,0,0,0,2,0,0,0
AGENT-TWIN,60,78340,62,0,399,1,100770,0,145,277,0,0,457640,1,102.628,27.1669,13.4012
AKPatate_JDM,6,56231,19,0,57,0,9250,0,19,13,0,0,-9450,2,44.1717,0,18.2654
AMD_PREDATOR,210,256530,1007,7,2320,1,735940,1,627,545,0,0,2.23763e+06,3,273.277,68.3911,22.6938
AN-Doggie,92,206851,30,0,44,0,148350,1,237,197,3,1,-6.95947e+06,3,150.9,0,6.33638
APEPExd,19,76754,0,0,12,0,39290,1,40,59,0,0,80490,0,61.3388,12.6721,6.74272
APG4,0,0,0,0,0,0,0,0,0,0,0,0,0,3,0,0,0
APPLE_CombatAI_7,35,121486,178,0,499,0,96370,0,147,112,0,0,266370,1,84.3341,21.9958,26.2436
AakashRT,0,22002,0,0,0,0,0,0,0,0,0,0,-4.13234e+06,2,27.928,0,0
AbbeYao,17,61609,50,0,286,0,70300,0,49,99,0,0,92040,2,56.3506,20.0197,27.019
Abraham497,28,75332,7,0,45,1,85670,99,13,113,0,0,0,2,70.076,9,14.4369
Acid-Cyanide,0,7418,0,0,0,0,0,0,0,0,0,0,-29500,1,19.4449,0,0
Adanmarsan,54,54571,0,0,157,0,32850,0,5,5,0,0,-50835,2,91.7927,0,6.96565
AddictedSamurai,0,124202,0,0,0,0,0,0,0,0,0,0,0,2,49.6987,0,0
AdrenalineTX,0,25831,0,0,0,0,0,0,0,0,0,0,0,1,29.4607,0,0
AggressiveFoxTV,0,92666,2,0,38,0,2920,0,6,2,0,0,9000,2,45.0801,0,0
Akira72,3,3847,0,0,0,0,860,0,3,3,0,0,18650,1,18.6259,4.71121,4.11236
AlbaniaNimmortaL,68,30653,135,0,308,1,36097,0,2,1,0,0,-1.14758e+06,2,99.1886,0,10.7981
Aldrian77_FR,34,252844,1,0,299,0,68300,0,76,44,0,0,182985,2,96.9724,12.663,14.6941
AllDunner,3,192818,0,0,0,0,1650,0,1,1,0,0,-108105,1,60.5379,0,4.84273
AlphaWolfXXY,15,52969,113,0,627,0,55600,0,55,53,0,0,10070,2,52.4196,14.4097,56.8024
Amujohns,42,251929,24,0,224,2,157840,0,81,84,0,0,-4.62718e+06,2,104.896,0,12.8296
AnaHajarajanaan,28,35824,237,5,810,0,154470,0,55,90,0,0,-62270,2,60.8503,0,45.618
Androga1,103,114281,224,0,850,3,335770,1,446,560,0,0,960180,2,151.34,45.1394,17.5556
AndyG_BE,0,8912,0,0,0,0,0,0,0,0,0,0,-2.21895e+06,2,20.6701,0,0
AngryM13,21,87893,64,0,221,0,80320,0,50,55,1,2,54790,2,65.2932,11.883,20.8637
AngryPengui,18,53662,0,0,197,0,41600,0,52,61,0,0,51300,2,55.5819,13.7738,16.9335
AoAoZero,0,21069,0,0,0,0,0,0,0,0,0,0,-6.70486e+06,3,27.5279,0,0
ArchieGoodwin45,29,103112,31,0,62,0,42850,0,77,109,0,0,34070,2,75.7124,13.2242,9.19934
ArteBionico,549,347433,283,0,799,10,507770,84,69,42,0,0,91700,2,619.002,3.00951,6.51338
Artein,12,28874,0,0,663,0,74550,0,56,47,0,0,56100,2,42.5738,18.9239,63.8778
AscarX09,46,69553,105,0,188,0,154900,0,117,250,0,0,204030,2,86.9724,21.2581,13.6175
Atlasbzh,0,0,0,0,0,0,0,0,0,0,0,0,-97670,2,0,0,0
Auge_v2142,0,6056,0,0,0,0,0,0,0,0,0,0,-3.8846e+06,2,18.1747,0,0
B0otyMain,32,64331,9,0,44,0,68170,0,127,191,0,0,241600,2,71.9212,26.3094,7.79352
B1C4A12,29,109931,176,0,552,0,81700,0,188,116,0,0,349480,2,76.7192,30.2674,32.2853
BAL_N3M3SIS,37,76166,68,0,143,0,123090,0,66,87,1,3,127535,2,79.2305,12.0681,12.5942
BBBBBBBBBBUTTERS,1,137342,0,0,6,0,960,0,1,2,0,0,1570,3,52.3912,6.08001,11.5663
BIGHOTTODOGU,21,163844,150,0,884,0,69470,0,46,93,0,0,-9950,2,75.5011,0,56.5839
BL00D_H4WK,0,3796,0,0,0,0,0,0,0,0,0,0,-160005,2,15.5566,0,0
BM_Stammtisch,0,0,0,0,0,0,0,0,0,0,0,0,0,2,0,0,0
BOJIKODAB_61rus,2,138857,0,0,0,0,2590,0,2,0,0,0,-19315,2,53.5793,0,5.99884
BR-Spike,100,165778,66,14,392,0,271060,0,264,368,0,0,794610,0,154.715,33.9334,11.2151
BaCbKa_4anAeB,0,2525,0,0,0,0,0,0,0,0,0,0,-4.57242e+06,2,13.5817,0,0
BananaKalli,73,142409,150,0,462,2,193070,0,139,197,1,1,208580,2,125.015,15.3861,15.1708
BatmanOrAFK,81,111497,38,60,133,0,430360,0,217,200,0,0,-4.4184e+06,3,128.944,0,10.5376
Bauernsau666,28,46566,26,0,86,0,133840,0,65,76,0,0,-758150,2,63.8482,0,12.3149
BelgianBatman,0,26190,0,0,0,0,0,0,0,0,0,0,0,2,29.5964,0,0
Bersntol,0,121877,0,0,0,0,0,0,0,0,0,0,0,2,49.3869,0,0
Bhoastyex,0,160397,0,0,0,0,0,0,0,0,0,0,-1130,2,54.1166,0,0
BigFull_Cream,13,19447,58,0,201,0,53660,0,45,58,0,0,144410,3,39.8033,19.5582,27.0151
BillyBones17,0,0,0,0,0,0,0,0,0,0,0,0,-4.01944e+06,1,0,0,0
BlackScorpioSRB,101,118232,50,1,192,0,231400,1,85,271,0,0,391270,2,149.89,18.3943,8.91841
BlackoutTSQ,4,13641,25,0,162,0,4880,0,8,7,0,0,-3.71165e+06,2,27.8179,0,51.91
BleedingWilds,27,61501,69,35,231,1,138200,1,183,155,0,0,-3.80645e+06,1,66.3276,0,20.4581
Blitzern_,80,144932,0,1,1,1,324820,1,173,113,0,0,0,2,132.32,7,7.98236
BlueCelticPagan,211,554699,1,22,44,13,822830,1,319,961,0,0,0,2,292.803,12,7.90202
BlueHawk47,0,0,0,0,0,0,0,0,0,0,0,0,-16110,3,0,0,0
BoEH_kosh,0,0,0,0,0,0,0,0,0,0,0,0,0,2,0,0,0
Boeserketchup,30,31189,14,11,42,0,62690,0,16,61,8,2,32210,2,61.3691,7.16365,8.76059
Bonzo_LEDZEP,0,0,0,0,0,0,0,0,0,0,0,0,-18485,2,0,0,0
BrainLessUncle,0,54908,0,0,0,0,0,0,0,0,0,0,-14380,3,37.8703,0,0
BruLee-91,24,120096,251,0,854,1,69850,0,70,102,0,0,42370,2,73.1454,15.4913,53.3447
Bruso49,0,21186,0,0,0,0,0,0,0,0,0,0,-28980,2,27.5787,0,0
BtK-Schizo89,0,0,0,0,0,0,0,0,0,0,0,0,-186810,2,0,0,0
BullJie,0,0,0,0,0,0,0,0,0,0,0,0,0,3,0,0,0
Bundyland,37,84009,169,1,791,0,77570,0,26,22,0,0,62250,2,80.6315,4.11468,31.7662
Butterschall,25,27488,0,0,0,0,69280,0,39,81,0,0,111450,2,55.077,12.5963,7.25536
CHN-ElwinRommel,0,0,0,0,0,0,0,0,0,0,0,0,0,3,0,0,0
CLUB-magenta,60,209863,1,0,16,0,101280,0,127,156,0,0,325025,2,119.184,18.6035,6.40978
CaccaBlu44,189,121121,749,0,2428,1,244610,77,35,58,0,0,33430,2,238.285,1.20342,21.9977
CaptainGeordie,0,25705,0,0,0,0,0,0,0,0,0,0,0,2,29.4128,0,0
Captureme,10,10655,13,0,32,1,20500,17,31,13,0,0,-75110,2,31.9369,0,12.7288
Cernorium,3,82312,14,1,113,0,5340,0,4,11,0,0,-96175,2,46.336,0,48.4954
ChatBouillu,0,7406,0,0,0,0,0,0,0,0,0,0,0,2,19.4344,0,0
ChewyMegaFudge,0,78202,0,0,0,0,0,0,0,0,0,0,-112270,1,42.6031,0,0
Chick-in-Danger,46,144719,164,3,560,0,137720,1,92,145,0,0,268815,2,98.2944,18.0633,22.3965
Chill_Schweiger,31,184912,72,45,251,0,82410,0,75,166,0,0,4250,2,87.7413,15.1908,18.1802
CitBolonUa,5,332863,0,0,0,0,2820,0,3,12,0,0,3070,1,74.0104,6.14338,4.87326
Clewhie,105,249912,280,0,340,-965,257250,0,158,214,4,0,308680,2,167.728,16.1578,4.03544
Col_Platinum,1,19620,0,0,0,0,1120,0,2,9,0,0,7350,3,27.8824,22.3096,5.78502
Comolokko-TR07,0,0,0,0,0,0,0,0,0,0,0,0,-361875,2,0,0,0
Concaze,0,14246,0,0,0,0,0,0,0,0,0,0,0,2,24.1646,0,0
Coocie-DK,0,25678,0,0,0,0,0,0,0,0,0,0,0,2,29.4025,0,0
Corneys,0,55027,0,0,0,0,1510,0,0,0,0,0,-16760,2,37.8976,0,0
CptnObvius,87,133549,320,0,1302,0,257070,1,263,439,0,0,55940,2,137.914,17.9189,25.3723
CrazyNurse77,52,160834,122,0,506,1,154820,0,231,104,0,0,434265,2,106.166,24.5448,19.3866
CrazyrabbitXXL,63,177637,110,0,324,0,194490,0,76,149,0,0,88080,2,118.988,9.90093,13.4539
Creisi,32,82967,40,2,336,1,113230,0,49,111,0,0,0,2,75.4506,10,18.7124
Cttm,0,1739,0,0,0,0,0,0,0,0,0,0,0,1,11.9955,0,0
CuoreCriminale,51,84732,299,2,885,0,269240,0,243,214,0,0,-8.99065e+06,2,94.7562,0,31.5239
D0BPbIHE4_EBET,0,196,0,0,0,0,0,0,0,0,0,0,0,2,5.79857,0,0
D0YoUNoDaWae,30,189914,102,0,467,1,58980,0,132,110,0,0,226710,3,87.2479,22.8943,25.6588
DDDDEEP,0,0,0,0,0,0,0,0,0,0,0,0,0,3,0,0,0
DEN-BASKET,2,40660,0,0,0,0,2200,0,6,1,0,0,-9725,2,36.2652,0,5.75901
DEOLHOEMVOCE,53,256173,0,0,266,0,85700,0,66,98,0,0,215650,2,116.247,12.5846,11.3403
DFLW45i,0,17412,0,0,0,0,0,0,0,0,0,0,0,2,25.8347,0,0
DannoDemo,21,97960,19,0,44,0,28470,1,45,66,0,0,-3.87501e+06,1,66.9218,0,9.06715
DarkerInfamy,0,28936,0,0,0,0,0,0,0,0,0,0,-556600,1,30.5956,0,0
DavidL1988,0,7089,0,0,0,0,0,0,0,0,0,0,0,3,19.1534,0,0
DeFCoN_NL2016,0,0,0,0,0,0,0,0,0,0,0,0,0,2,0,0,0
Deathpoool,4,214222,0,0,0,0,9520,0,6,9,0,0,25810,2,63.5906,7.95277,6.98464
Deathwing42,18,43431,44,8,298,0,40370,0,61,62,0,0,65275,2,53.0257,15.2079,25.8811
DemoX_O1e,1,34437,2,0,0,0,500,0,6,2,0,0,16150,2,33.4212,16.625,6.72871
DerJimez,32,56827,76,0,201,1,81730,0,94,114,0,0,242005,2,70.306,20.3206,15.1089
Der_Gloeoeckler,0,46885,12,0,81,0,3120,0,2,1,0,0,-2.62056e+06,2,35.9298,0,0
Desperados157,0,0,0,0,0,0,0,0,0,0,0,0,0,2,0,0,0
Devastigator,0,59918,0,0,0,0,0,0,0,0,0,0,0,2,38.9876,0,0
DieGelbeForelle,17,43225,21,0,31,0,87250,0,70,58,0,0,22700,2,51.9703,15.8487,11.4639
DiegoALC1592,3,14097,0,0,49,0,6870,0,6,10,0,0,-69640,1,27.0802,0,22.9177
Dma_Voron,0,0,0,0,0,0,0,0,0,0,0,0,0,1,0,0,0
DoMakeSayThink,0,0,0,0,0,0,0,0,0,0,0,0,-189745,1,0,0,0
Dovahkiinva,0,12755,0,0,0,0,0,0,0,0,0,0,-25250,2,23.2912,0,0
Dovkiller007,0,31710,0,0,0,0,0,0,0,0,0,0,0,2,31.5427,0,0
DoxMOFO,0,0,0,0,0,0,0,0,0,0,0,0,0,2,0,0,0
Dozer_from_Hell,0,0,0,0,0,0,0,0,0,0,0,0,0,2,0,0,0
DrErn,72,165158,49,0,176,1,249030,0,254,236,0,0,407100,2,126.646,24.8189,10.6684
DrLasko,0,54271,0,0,0,0,0,0,0,0,0,0,-162025,2,37.7234,0,0
Dr_DontCry,0,0,0,0,0,0,0,0,0,0,0,0,-1.30098e+06,2,0,0,0
Drachirswe,71,130298,254,12,1004,1,246190,1,160,208,0,0,410500,2,121.498,21.9099,24.6734
DrunkenKnife,0,5388,0,0,0,0,4180,0,7,2,0,0,-98416,2,17.481,0,0
Durchbruchkurti,0,12491,0,0,0,0,0,0,0,0,0,0,0,2,23.1295,0,0
Dwemerlife,42,84043,21,3,63,1,81240,0,118,126,0,0,320950,2,85.6374,20.4925,8.63154
Dzinnwet,19,96627,7,0,20,1,37640,0,62,30,0,0,103890,2,64.7128,12.3727,7.67146
EExcitingg,19,102283,34,0,56,0,38390,0,43,58,0,0,133440,2,65.587,14.2402,10.7041
ENGR_IsaacClark,31,141270,0,3,46,1,26800,0,51,60,0,0,339360,3,82.876,16.9931,6.42161
Eco_Zero_122,3,68134,0,0,29,0,2240,0,2,25,0,0,-96545,1,43.6921,0,14.2262
Eightythousand15,0,36526,0,0,0,0,0,0,0,0,0,0,-23930,3,33.0633,0,0
Ekanimo,71,106324,9,0,3,1,129500,0,0,0,26,7,58460,2,118.192,2.99729,6.53426
ElectronTR,6,99474,0,0,0,0,11050,0,4,0,0,0,6820,2,52.157,1.28972,6.55033
Embi90,36,116365,82,13,463,1,289080,0,95,153,0,0,28900,2,84.6316,14.0551,24.4663
EntenbeinMitReis,19,57475,59,0,139,1,67120,0,61,54,0,0,117000,2,57.4509,15.7597,17.7091
Er-Gary-Gordon,5,17391,6,0,118,0,8560,0,14,11,0,0,-1.7565e+06,2,30.8243,0,30.4324
ExA_Spank72,0,41500,0,0,0,0,0,0,0,0,0,0,-233080,2,34.4993,0,0
FLUFF_nz,0,28,0,0,0,0,0,0,0,0,0,0,-54960,3,3.03322,0,0
Falzoned,0,1514,0,0,0,0,0,0,0,0,0,0,0,1,11.4547,0,0
FantasyGensokyo,178,284256,486,19,1854,3,619570,1,492,431,0,0,-5.08165e+06,2,243.476,0,20.6806
Fauschd,3,15777,2,0,6,0,2930,0,2,6,0,0,-456655,1,28.0001,0,7.58937
FeedeR1no,0,40053,0,0,0,0,0,0,0,0,0,0,0,2,34.094,0,0
Feuerschlappen,10,35605,0,0,0,0,28550,0,22,17,0,0,-404730,2,42.7833,0,7.30973
FilthyMacgyver,1,15388,0,0,0,0,3740,0,1,3,0,0,3370,1,25.7931,8.15558,7.8202
Fishlexic_dn,0,7110,0,0,0,0,0,0,0,0,0,0,0,3,19.1722,0,0
FlandreKanade,59,156086,146,2,311,1,71680,1,51,159,0,0,200360,3,112.628,13.1546,12.9028
Flareo3000,38,73888,248,36,668,0,129310,1,128,135,0,0,305370,1,79.8057,22.0673,32.6372
Flooooopish,0,30359,0,0,0,0,0,0,0,0,0,0,0,2,31.0886,0,0
Fori10,35,59779,453,0,1950,0,125170,0,160,105,0,0,302160,1,73.9575,23.9795,75.733
Fowery,7,63355,6,0,12,0,59880,0,9,69,0,0,16050,2,46.7185,22.6215,11.6171
FoxySmooth,0,54750,0,0,0,0,0,0,0,0,0,0,0,1,37.834,0,0
Fr33Ki77,0,0,0,0,0,0,0,0,0,0,0,0,0,3,0,0,0
Freeflyhard,0,54854,0,0,0,0,0,0,0,0,0,0,-67810,2,37.8579,0,0
Frier_PL,9,152242,6,0,75,0,28690,0,18,24,0,0,79820,2,62.1844,11.6518,16.5136
Futzi61,57,77901,0,0,0,0,39320,0,48,34,0,0,153750,2,99.5485,6.82759,5.12336
Fw_SteinerCGN,0,2482,2,0,7,0,970,0,5,1,0,0,10450,2,13.5042,0,0
G00NIG00G00,84,171319,56,44,274,1,158940,0,207,171,1,2,424655,3,139.317,21.2884,10.5952
G0dzpeed,11,33486,0,0,0,0,20780,0,12,11,0,0,66190,3,43.1203,6.23609,6.59262
GM_e2e4,5,3862,31,0,90,2,29760,0,26,14,0,0,8340,2,20.6462,16.3464,32.7835
GeneralAlda,0,3111,0,0,0,0,0,0,0,0,0,0,0,2,14.5591,0,0
GetBendered,0,4887,0,0,0,0,0,0,0,0,0,0,0,2,16.922,0,0
Ghost_8231_,50,102786,148,0,355,0,77670,0,91,64,2,0,187540,2,96.6631,11.7922,16.2776
Ginosis_TR,0,36287,0,0,0,0,0,0,0,0,0,0,0,2,32.9911,0,0
Griffbollock,0,35023,0,0,0,0,0,0,0,0,0,0,0,2,32.6039,0,0
Gunslinger1973,33,130724,0,0,36,1,33600,0,17,38,0,0,-3335,2,83.5529,0,6.64855
Ha7dkov,25,53362,0,0,0,0,33450,0,19,54,0,0,39955,2,62.5118,6.4141,6.04803
HaX_Voolgar,26,125408,1,6,42,0,70510,0,38,146,0,0,28740,2,75.8589,15.0498,8.21576
HauDieMau,41,162902,11,4,109,0,73230,1,47,119,0,0,115250,2,95.3966,11.7082,9.50085
Herman_Von_Stein,0,6499,0,0,0,0,0,0,0,0,0,0,0,2,18.6071,0,0
Hiboo666,89,137860,688,0,5791,2,444120,0,385,284,0,0,155975,2,140.456,19.8916,80.4048
Hitsuzi,20,80185,101,4,451,0,131440,0,97,87,0,0,275740,3,62.9599,26.2542,36.0038
HoRRoR2410,201,263557,319,8,634,2,454760,1,469,571,0,0,1.16469e+06,2,264.849,41.2686,10.8964
Huawusch,73,122873,341,0,1098,1,266690,0,313,295,0,0,627500,2,122.521,33.6271,26.7743
HugoStiglitzUK,84,94001,15,0,44,1,152590,0,88,221,0,0,505190,2,129.295,21.4255,6.52798
IIAugust,83,122257,40,2,140,0,132620,0,291,446,0,0,633710,2,132.438,34.7884,8.32159
IIIABKA,0,27860,0,0,0,0,0,0,0,0,0,0,0,2,30.2119,0,0
IIIdaemonIII,0,0,0,0,0,0,0,0,0,0,0,0,-4.29206e+06,2,0,0,0
I_R1_I,0,5336,0,0,0,0,0,0,0,0,0,0,0,3,17.4246,0,0
IchDast,0,5787,0,0,0,0,0,0,0,0,0,0,0,3,17.9018,0,0
IheedThyCall,124,168964,45,0,469,1,267090,0,140,347,5,2,-147950,2,179.062,0,10.8118
Imn0n4m3,8,10199,0,0,0,0,18720,0,13,12,0,0,30800,2,29.6197,7.11753,6.95511
Insight22,0,20278,0,0,0,0,0,0,0,0,0,0,0,2,27.1794,0,0
Isaks,4,38788,8,0,48,0,12490,0,4,16,0,0,0,2,37.7315,10,21.4749
JAKSmad9,44,281755,5,6,0,1,80760,0,27,134,0,0,-3.68007e+06,1,109.284,0,6.54499
JJ_Maniek,4,48360,6,0,60,1,4920,0,4,13,0,0,-19070,2,40.3023,0,21.9221
Jackert0n,0,6587,0,0,0,0,0,0,0,0,0,0,-3.8413e+06,2,18.6906,0,0
Jaison-SC,46,101304,121,0,269,1,97120,0,104,40,0,0,320790,3,92.438,15.4882,14.7783
JamesJC1973,150,333808,60,0,286,0,372120,0,674,420,0,0,1.53126e+06,1,219.076,54.3201,9.05688
JayjoMasta,0,0,0,0,0,0,0,0,0,0,0,0,0,2,0,0,0
Jb4sh,6,12943,35,0,69,0,12300,0,16,7,0,0,-4.4583e+06,2,29.4049,0,23.7288
Jerry01160115,25,105719,41,0,112,1,85000,0,83,115,0,0,144130,3,72.1024,19.5501,13.6361
Jhhooonnnn,45,131147,19,0,87,0,108920,0,71,104,0,0,293860,3,95.6073,15.7522,9.01381
JoeBlack1111,139,270074,31,0,55,4,315500,1,70,342,0,0,42760,2,203.37,6.50375,6.90174
JohanOlofsson,152,272287,68,0,167,1,112840,0,306,283,0,0,570930,2,216.545,23.1523,6.21916
Jorg_Kasirske,63,121537,82,4,249,1,176820,0,83,141,0,0,321440,2,112.341,16.5059,12.2782
Jucaushu,44,131170,158,0,456,1,163030,1,134,322,0,0,70700,2,94.6103,22.3744,20.8018
JusterKiloQ-121,0,79449,0,0,0,0,0,0,0,0,0,0,-5.91378e+06,3,42.8282,0,0
KALLIAMOZILA,79,96946,0,0,14,1,48150,0,79,103,0,0,-8.43961e+06,2,124.763,0,4.96769
KGB_Shelepin,177,435899,11,7,5,1,202730,0,52,314,0,0,524460,2,252.495,18.9332,5.81703
KaiservonAfrika,162,352173,838,3,1652,2,900400,2,512,789,0,0,238700,3,232.319,23.2287,23.6343
Kawaiidoscope,0,44209,0,0,0,0,0,0,0,0,0,0,-482875,2,35.2334,0,0
KazkowyStoner,0,32703,0,0,0,0,0,0,0,0,0,0,-3.00614e+06,2,31.8682,0,0
KeSSelKarsten88,0,9636,0,0,0,0,0,0,0,0,0,0,0,2,21.2147,0,0
Keegstar-2,0,16275,0,0,0,0,0,0,0,0,0,0,-64750,1,25.2602,0,0
KekMaster101,0,18385,0,0,0,0,0,0,0,0,0,0,0,2,26.3067,0,0
Kesebrot12,23,99911,6,0,15,0,90890,0,59,105,0,0,-2.17959e+06,2,69.2244,0,7.92824
KhaoNiao1,0,0,0,0,0,0,0,0,0,0,0,0,-22390,2,0,0,0
Kilopimp5150,0,0,0,0,0,0,0,0,0,0,0,0,-14510,1,0,0,0
Kims1x,63,215330,199,0,633,1,142070,0,135,302,0,0,109075,2,122.693,16.5262,19.8911
KingCoper,5,47777,1,0,0,1,15550,0,11,9,0,1,-90850,2,41.156,0,7.46776
King_Timp,38,98602,14,9,30,0,66440,0,24,23,0,0,-959340,2,84.0218,0,7.46599
KissAngel,0,80537,0,0,0,0,0,0,0,0,0,0,0,3,43.0226,0,0
Kiwi_BE1731,15,166605,32,0,0,0,22120,0,32,36,0,1,62555,2,69.8052,11.1241,8.19619
Kokartis85,17,48048,0,0,0,0,29500,0,26,64,0,0,0,2,53.2241,10,6.45394
Kouls97,76,182747,153,0,462,1,287420,0,94,197,0,0,129460,3,132.519,11.1243,15.8415
Kratoo1982,35,184415,5,0,33,0,63820,0,57,100,0,0,52300,2,91.6905,9.80515,7.53426
KubarFX,0,0,0,0,0,0,0,0,0,0,0,0,0,2,0,0,0
KurdmanSniper,8,8090,0,0,0,0,22490,0,0,12,0,0,0,2,28.0146,3,7.28141
Kurkii,101,166331,537,10,2337,1,504000,1,609,580,0,0,1.26896e+06,2,155.775,56.8601,36.4048
L5E_ToCh,54,131042,1,0,572,0,122700,0,184,218,0,0,466010,2,104.594,27.3891,16.904
LGF_Fullmetal,0,7942,0,0,0,0,0,0,0,0,0,0,0,2,19.8919,0,0
Laban-Seigmann,0,33338,0,0,0,0,0,0,0,0,0,0,0,2,32.0729,0,0
Lanthrum,6,11437,190,0,485,0,55290,0,16,55,0,0,20600,1,28.4604,23.7777,121.798
Larnex,0,2602,0,0,0,0,0,0,0,0,0,0,-250,2,13.7182,0,0
Lawbringer134,2,101415,5,0,16,0,5460,0,8,28,0,0,0,3,48.455,36,17.2284
LeMemeMasterXD,36,72980,159,0,905,0,201500,0,130,351,0,0,26625,1,77.6339,26.9799,37.6495
Legend_27_Alpha,97,43557,238,0,348,1,95260,0,2,3,0,0,3550,1,132.06,0.16285,11.5979
Legi0n1977,0,2143,0,0,0,0,0,0,0,0,0,0,0,2,12.8597,0,0
LiquidGravi7y,7,7807,0,0,0,0,9880,0,12,9,0,0,34780,2,26.7787,7.24727,6.12889
Llkker_Alpha,93,197303,687,49,1771,1,280480,1,131,420,0,0,151510,2,150.98,15.7631,33.4101
Llordus,6,4801,8,0,40,1,21410,0,24,10,0,0,70775,2,22.8222,13.3766,15.7287
Longs90,0,8142,0,0,0,0,0,0,0,0,0,0,-53995,2,20.0573,0,0
Loraakk,12,11135,0,0,0,0,25990,0,32,53,0,0,69990,2,34.2612,16.3526,6.82126
LordF_L_3_X,48,157001,270,0,740,0,112110,1,56,99,0,0,231310,2,101.732,13.0227,27.9514
Lordex23,0,20048,0,0,0,0,0,0,0,0,0,0,0,2,27.0763,0,0
LoshpenMarko,21,63079,66,0,219,0,68270,0,90,108,0,0,189250,2,60.6608,23.8407,20.5504
Luffy-KG,0,0,0,0,0,0,0,0,0,0,0,0,0,2,0,0,0
LupisWuff,0,3172,0,0,0,0,0,0,0,0,0,0,-7370,1,14.6536,0,0
Lutz_Luger,2,52840,8,5,35,0,1920,0,9,10,0,0,10020,2,39.3892,19.4079,29.5663
MADBAD40RUS,4,75825,4,4,44,0,14870,0,25,18,0,0,34550,2,46.1675,22.2398,20.8081
MADrag0n,1,46237,0,0,0,0,0,0,0,0,0,0,0,2,36.7636,0,0
MANOVBGS,17,241395,40,0,115,0,70240,0,71,70,0,0,220320,2,79.0081,22.7155,17.017
MARMAK_cz,20,68044,40,0,98,0,64330,0,62,114,0,0,66530,2,60.6742,19.2465,13.5306
MARNIXSPARTAN,4,61464,6,0,49,0,18240,0,6,27,0,0,14250,2,43.3197,16.5587,21.2175
MEI_Mejrom,43,108823,190,36,405,0,171240,0,87,138,4,0,206020,2,90.5585,16.3141,21.9437
MINDABOSS,9,67046,0,3,28,0,18590,0,33,36,0,0,49010,3,49.4746,16.7018,9.74109
MONKEYsREAPER,70,176203,0,0,0,-961,6450,0,37,170,0,0,4620,2,125.837,5.20532,0
MRT803,75,167081,452,20,1563,0,216800,0,166,257,0,0,37525,2,129.857,12.336,34.332
MagicbrOOOm,6,25454,49,0,249,0,23660,0,18,9,0,0,6880,1,35.3168,9.29198,56.9242
Magnumsmoke,101,203522,137,0,536,2,202300,1,244,185,0,0,795130,1,159.582,29.9467,12.6891
MalystryxVoF,0,43383,0,0,0,0,0,0,0,0,0,0,-40520,0,35.0128,0,0
Mangoglen,170,225445,462,0,2205,2,273090,0,346,185,7,0,546400,2,230.613,21.5097,21.3305
MarcinPL_BDG,0,55726,0,0,0,0,0,0,0,0,0,0,0,2,38.0572,0,0
MarcinnW,60,71475,0,0,0,1,117060,0,189,184,0,0,553220,2,101.346,27.6885,6.64606
MarioCavallero,0,0,0,0,0,0,0,0,0,0,0,0,0,2,0,0,0
MariusBRL,42,86777,17,8,211,0,124610,0,181,160,2,0,245740,2,86.1051,23.4245,12.3798
MarkovKillChain,0,0,0,0,0,0,0,0,0,0,0,0,-23010,1,0,0,0
Marlon-bruh47,9,67736,0,0,0,0,12140,0,25,35,0,0,26720,2,49.6128,13.983,6.0593
Maroi13,35,75494,0,1,7,0,79600,0,28,78,0,0,40310,2,77.1061,7.42548,6.90554
Martin_Katovitz,37,91617,217,20,1066,0,97700,1,105,92,0,0,-5.20728e+06,2,81.9095,0,42.168
MaruuuPL,21,63940,22,0,106,1,65370,0,57,50,0,0,89810,1,60.8403,12.9529,13.469
MasonMan1994,0,41087,0,0,0,0,0,0,0,0,0,0,0,3,34.3846,0,0
Mastersword01,55,149531,81,0,165,1,119870,0,212,159,0,0,359010,2,107.867,23.5252,10.8323
Matizkol98,3,39764,1,0,7,0,9450,0,13,18,0,0,-3.27563e+06,2,37.0118,0,9.49165
Matt-666-Damon,58,146042,164,0,705,0,200140,0,52,145,0,0,0,2,110.453,6,21.664
MelodiusFox,4,5099,33,0,90,0,18590,0,7,6,0,0,-5.06718e+06,1,21.163,0,38.2564
MetalGearDaner,19,55322,117,7,316,0,47660,0,64,108,0,0,65820,2,56.9651,20.2247,30.0767
Metalhead543,75,173116,112,13,367,1,293140,0,144,175,19,5,-431970,2,130.509,0,13.9066
MetenetBF1,124,209609,12,0,33,36,109160,0,115,174,2,0,309660,2,183.16,13.1846,5.44654
Michel445,84,172783,285,0,978,167,237360,0,267,511,0,0,405750,2,139.474,29.7827,24.2905
MightyWebDK,0,140663,0,0,0,0,0,0,0,0,0,0,0,2,51.8017,0,0
MikeAMoody,143,242152,1094,181,2775,0,508450,0,464,307,2,0,1.0259e+06,0,205.073,37.795,35.7216
Mikeschlorey,0,0,0,0,0,0,0,0,0,0,0,0,-395955,2,0,0,0
Minotaures,0,11252,0,0,0,0,0,0,0,0,0,0,0,2,22.3388,0,0
Mischbrot_ZD,0,16288,0,0,0,0,0,0,0,0,0,0,-146260,2,25.2669,0,0
Mjudas94,86,245079,303,0,808,0,175210,0,203,164,0,0,476740,2,148.322,21.6735,18.7181
Monjocdd,0,3677,0,0,0,0,0,0,0,0,0,0,-4.46017e+06,2,15.3925,0,0
Monkeeebutt555,8,86171,0,0,0,0,15720,0,10,7,0,0,30240,2,52.0023,5.09916,6.65795
Monkk8000,11,90587,0,18,1,0,18740,0,22,16,0,0,74740,2,55.7407,8.4976,7.42397
MotherGoose10BN,77,110797,188,3,779,2,315870,0,255,321,0,0,589920,3,124.844,30.6484,20.0029
MoumoumouING,91,101712,218,15,496,0,176360,0,151,235,0,0,-4.40245e+06,3,137.5,0,14.635
MrBlackPudding,55,109769,154,25,548,1,201360,0,197,166,6,2,378900,2,102.696,24.0617,20.7786
MrFlyingLamma,0,4305,0,0,0,0,0,0,0,0,0,0,0,1,16.2223,0,0
MrKuznets,228,180453,92,0,655,1,137060,0,51,20,0,0,32350,2,284.282,1.16822,7.95129
MrPizza2013,2,164537,12,0,28,1,1570,0,1,0,0,0,600,3,56.5778,1.03517,25.2932
MrTinuZ,59,165003,122,0,534,1,169260,0,135,121,0,0,302370,2,113.629,16.9853,18.318
Mr_SyNa,121,296976,328,1,2041,1,265620,0,456,468,0,0,1.51908e+06,3,187.438,55.0218,25.8448
MrcZ_CrackedheaD,0,13731,0,0,0,0,0,0,0,0,0,0,0,3,23.8701,0,0
Muckinger,62,182115,518,5,1442,0,210420,0,189,155,7,2,280760,2,118.454,19.3924,38.6321
Muumipappa666,2,54031,0,0,0,0,3090,0,3,1,0,0,18750,2,39.6678,4.71463,6.26949
Myrath89,0,48848,2,0,9,0,1010,1,2,2,0,0,-7.0548e+06,2,36.4239,0,0
NCOW001,21,123767,7,0,39,0,45920,0,15,63,0,0,97800,2,70.6406,10.1917,8.83774
NLNF-musti,5,40675,12,0,60,0,16050,0,14,9,0,0,50460,2,39.2694,10.7474,21.5271
NONY77779,0,20601,0,0,0,0,0,0,0,0,0,0,-98190,1,27.3228,0,0
NOOBKING43,0,2209,0,0,0,0,0,0,0,0,0,0,-6940,2,12.9902,0,0
NUERNBERGER_71,96,318213,25,0,128,0,231860,0,423,308,0,0,1.19661e+06,0,163.984,47.0635,8.01018
NahkaVaraani,4,30429,60,0,144,0,15660,0,15,16,0,0,11400,2,35.1125,15.4576,58.9101
NakedFamousMike,107,210015,161,0,0,0,165540,0,232,203,0,0,304470,2,166.198,17.0427,7.27152
NaniDafuq,0,38843,0,0,0,0,0,0,0,0,0,0,0,3,33.7475,0,0
Neriot20,3,21403,0,0,0,0,1280,0,1,1,0,0,-5.18968e+06,3,30.6725,0,4.5431
NeronCaesar,118,217217,538,20,2334,0,303980,1,359,316,2,1,648440,2,177.867,29.1706,31.1242
Nevoto,24,188835,14,6,48,0,66640,0,43,93,0,0,172010,2,81.1394,16.3507,9.25863
New-B-Q,0,0,0,0,0,0,0,0,0,0,0,0,0,1,0,0,0
Ni4k-Ni4k,34,109197,2,0,18,0,90430,0,94,83,0,0,279310,2,81.6128,18.3525,7.18091
Nickn8r,185,237583,1147,0,3501,0,517000,1,474,477,0,0,1.49578e+06,1,246.68,49.4508,32.2704
Nitchucazabi,0,81558,0,0,0,0,0,0,0,0,0,0,0,1,43.2034,0,0
No4T,94,205484,9,21,13,1,120880,0,134,192,0,0,-7.68622e+06,3,152.77,0,5.98723
No_problem_UA,9,109092,14,0,59,0,33300,0,16,17,0,0,4470,2,56.5976,7.19943,15.7992
NordicMarius,35,79985,114,26,483,0,141600,0,28,117,0,0,243900,2,77.9242,15.3733,24.975
Nos79PL,187,364781,303,48,1508,10,599370,1,431,505,0,0,1.0066e+06,2,258.147,37.3095,16.5241
Nuck_Chorris37,56,54512,9,0,33,0,26530,0,13,22,0,0,26250,2,93.7791,1.9674,4.66354
Numapompilio,11,102399,0,0,0,0,5390,0,20,13,0,0,-1.10632e+06,2,57.6046,0,4.70489
OOT-BigJoe,15,95575,88,0,87,0,59680,0,39,33,0,0,83440,2,60.5465,11.7612,18.9417
OOT-Castalex,0,73810,0,0,0,0,0,0,0,0,0,0,-55190,2,41.791,0,0
Ofenfeuer,0,73486,0,0,0,0,0,0,0,0,0,0,0,2,41.7298,0,0
OhCrapPANDAS,37,93625,337,0,1341,0,206320,0,99,208,0,0,287000,1,82.2349,24.5639,53.6413
OhNoItsTommyGun,0,0,0,0,0,0,0,0,0,0,0,0,0,1,0,0,0
Old-Jensen_DK,0,4254,0,0,0,0,0,0,0,0,0,0,0,2,16.1581,0,0
OldSpice_Fox,0,4445,0,0,0,0,0,0,0,0,0,0,-340940,2,16.3961,0,0
Ololo_ololoev,82,141381,95,6,592,0,165150,0,103,135,3,5,203145,2,133.89,11.2331,14.6991
On3S1ckBas7arD,12,108595,72,18,102,0,36820,0,34,21,0,0,91560,2,59.5253,12.0053,23.4424
OoMILADoO,73,190562,29,0,38,9,122190,1,74,175,0,0,375180,2,130.313,16.9615,7.39549
Osswald0,73,195844,10,6,123,0,175460,0,227,218,0,0,462750,2,130.837,25.3026,8.00146
P15KnX,0,5758,0,0,0,0,0,0,0,0,0,0,-4885,2,17.8719,0,0
P4nzerGren4dier,32,115374,88,0,297,0,89150,0,61,56,0,0,0,2,80.4933,7,19.2645
PENTA-Gnougnou,0,2802,0,0,0,0,0,0,0,0,0,0,0,2,14.0607,0,0
PGabka77,101,162799,22,0,481,2,167700,1,133,124,0,0,220990,2,155.385,11.7343,11.383
PSYCH0-DADDY,3,30620,3,0,12,0,13720,0,7,6,0,0,62830,2,34.1774,10.1326,13.2234
PTSonick,13,90204,30,0,78,0,74620,0,54,97,0,0,168140,0,57.6776,28.2402,16.7042
Panserfaust_DK,4,18087,1,0,5,0,18900,0,5,7,0,0,35380,2,30.1639,7.26672,9.29088
Panzerwolf4,0,44137,0,0,0,0,0,0,0,0,0,0,0,2,35.2143,0,0
Papierkugel85,1,51780,1,0,6,0,2140,0,2,4,0,0,-45500,2,38.1378,0,13.8015
Patriarch_za,0,4504,0,0,0,0,0,0,0,0,0,0,0,3,16.4683,0,0
Paul667,0,17624,0,0,0,0,0,0,0,0,0,0,-16770,1,25.939,0,0
Pazi376,0,2897,0,0,0,0,0,0,0,0,0,0,0,2,14.2177,0,0
Peanile,37,59252,98,231,444,1,160800,0,82,94,7,6,146450,1,75.8428,14.6172,28.1189
Pedalito,0,13987,0,0,0,0,0,0,0,0,0,0,-34660,2,24.0174,0,0
PepperRabbit,0,0,0,0,0,0,0,0,0,0,0,0,-256875,1,0,0,0
PerfectTsundere,0,0,0,0,0,0,0,0,0,0,0,0,0,1,0,0,0
Phake23,6,63189,23,0,28,0,20090,0,11,11,0,0,4850,1,45.6838,7.2143,15.6067
Phantom_Kane,8,104051,0,0,1,0,38540,0,38,46,0,0,88210,2,54.8536,23.9048,8.33094
Pintodroid,0,22966,0,0,0,0,0,0,0,0,0,0,0,2,28.3297,0,0
PixelNuts,0,81228,0,0,0,0,0,0,0,0,0,0,-26130,2,43.1452,0,0
Pleymou,12,36082,0,0,95,0,34850,0,39,45,0,0,41685,2,44.9289,15.4695,14.3409
Poenanii,0,3543,0,0,0,0,0,0,0,0,0,0,-331325,2,15.2034,0,0
PotatyhkiN,35,54810,2,0,13,2,108390,0,86,162,0,0,-4.49922e+06,2,72.8478,0,7.45934
Pozitivchik686,55,104432,0,0,22,0,155110,1,60,135,0,0,0,2,101.911,7,7.28723
Pr1ck3r,40,86630,2,0,7,0,69900,0,107,107,0,0,-5.49956e+06,2,84.0802,0,6.46507
Priester_81,88,131904,190,0,887,1,260630,0,262,124,0,0,854000,2,138.704,31.4483,19.3767
PrinceQuenellier,0,56315,0,0,0,0,0,0,0,0,0,0,0,2,38.1907,0,0
ProMMR,81,138396,21,0,661,4,367830,1,390,280,0,0,742760,2,132.522,36.6046,16.209
Protector__334,22,127731,43,0,130,0,124220,1,106,123,0,0,93100,2,72.1645,23.0514,15.6683
PuppeteeR_CL7,4,34960,26,0,50,0,4880,0,3,3,0,0,-4.42336e+06,2,36.5844,0,24.91
RES_olivierlee33,11,21027,0,0,0,0,16770,0,9,7,0,0,-109915,2,38.5096,0,6.24808
RIDLEYRECON,179,156850,330,22,1760,3,489550,1,255,451,0,0,863190,3,232.715,30.6821,18.231
RIOBALDO7U7,78,59130,47,0,134,0,90940,0,57,79,11,1,110315,1,116.816,6.56281,7.84227
RPGustl,33,128517,45,0,278,0,90610,0,114,117,0,0,203570,2,83.2671,20.2451,16.2383
RacaPeru,229,171925,106,12,261,2,237460,1,212,184,1,0,468700,1,284.382,16.4604,6.67335
Rafq_77,0,32984,0,0,0,0,0,0,0,0,0,0,-2.75828e+06,2,31.9591,0,0
Rahin10,0,22,0,0,0,0,0,0,0,0,0,0,-3.24974e+06,3,2.79915,0,0
RareBreedOfGoat,0,289,0,0,0,0,0,0,0,0,0,0,-10,2,6.59901,0,0
Rastapaedic,18,73554,53,2,200,0,33720,0,26,61,0,0,72520,2,59.7426,11.4299,20.5786
Razarus,0,1483,0,0,0,0,0,0,0,0,0,0,0,2,11.376,0,0
ReHaB-pompeyblue,16,79219,77,0,342,0,58500,0,73,30,0,0,127200,2,58.7868,16.0584,33.7759
ReadyOrDie,40,123425,17,4,62,0,114690,0,143,120,0,0,102520,2,89.5949,16.3321,9.3174
Reaper_7984,97,192088,89,0,82,0,249040,1,703,660,0,4,150350,0,154.465,32.7297,8.11798
Red_Star_RUS_50,0,31645,0,0,0,0,0,0,0,0,0,0,-5245,2,31.5211,0,0
Redoxi,7,45744,0,0,62,0,20760,0,19,18,0,0,53300,2,42.6362,11.8365,15.3791
Remataan,22,40248,0,6,1,-872,104730,0,29,66,0,0,3720,2,56.1491,8.16968,0
Revlotion,98,275030,2,23,17,5,400030,0,282,365,0,0,399390,2,162.761,24.6122,7.99267
Riggz18,2,188925,2,0,12,0,1860,0,0,0,0,0,0,2,59.1484,0,12.5223
Rikishi-036,0,0,0,0,0,0,0,0,0,0,0,0,0,1,0,0,0
Rogershappyson,23,140233,0,0,1,0,29460,0,19,31,0,0,165260,1,74.7489,9.15781,5.9814
RogueGamer32,31,54015,99,15,438,0,65980,0,82,92,0,0,270480,1,68.6641,19.1092,23.7919
Ronitos1,0,8506,0,0,0,0,0,0,0,0,0,0,0,2,20.3516,0,0
RsGdXp_FXP,86,107396,0,16,2,1,122660,0,121,91,0,0,450900,3,133.35,16.9877,6.14511
Runtuaho,0,0,0,0,0,0,0,0,0,0,0,0,-2.4727e+06,2,0,0,0
Rust_Colored_Sun,153,274934,938,0,3347,0,363170,0,215,474,5,2,490770,3,217.753,23.0448,34.9795
S1lv3r_42,0,5973,0,0,0,0,0,0,0,0,0,0,0,1,18.0914,0,0
SAK-DeutscheAOAO,0,0,0,0,0,0,0,0,0,0,0,0,0,0,0,0,0
SF-Shuter,0,0,0,0,0,0,0,0,0,0,0,0,0,2,0,0,0
SG_Marian,48,79875,11,5,79,1,103000,1,65,99,0,0,129440,2,90.9045,10.1237,8.80545
SIGINT_SIGKILL,71,170566,296,0,761,1,246210,0,357,246,0,0,747100,2,126.236,36.716,21.6734
SNAPSHOOTER640,52,406605,109,0,52,1,100050,1,85,62,0,0,82800,2,125.766,7.74192,9.62295
SPEEDSTER1000000,52,158415,1,0,423,0,144010,0,205,198,0,0,-222580,2,105.893,0,15.2541
SPETS_BARS,0,44196,0,0,0,0,0,0,0,0,0,0,0,2,35.23,0,0
SSmrgudSS,0,40648,0,0,0,0,0,0,0,0,0,0,0,3,34.2618,0,0
STALOWY1985,38,48338,50,0,162,0,83550,0,136,145,0,0,380780,2,74.2968,25.1123,11.8471
SYM-Colossus,6,5247,1,0,13,23,7820,0,12,28,0,0,30980,1,23.3273,14.1234,12.0081
SZCZ3457,47,167363,89,7,800,0,131820,0,107,71,0,0,290650,2,101.888,15.6641,26.2769
SaG_Blackmarik,4,52325,6,0,24,0,9440,0,4,5,0,0,15920,2,41.2675,4.61703,13.9699
Saltyberta,26,26823,81,0,187,0,90800,0,105,115,0,0,92670,1,55.8327,19.0385,17.6872
SammichShark,2,97604,0,0,0,0,1960,0,4,11,0,0,18900,1,47.8662,15.7198,5.59508
Sandman-CNE,2,2573,0,0,2,0,5280,0,10,3,0,0,11620,2,15.6671,13.4655,8.16805
Sassles,0,18726,0,0,0,0,0,0,0,0,0,0,-4.57672e+06,2,26.4682,0,0
Sautl_sKiLLs,0,21043,0,0,0,0,0,0,0,0,0,0,0,2,27.5166,0,0
ScarFr05,0,0,0,0,0,0,0,0,0,0,0,0,-192210,2,0,0,0
Schrai,10,85837,14,0,245,0,27410,0,22,22,0,0,66820,2,53.9454,10.2555,32.2356
Schultz_B,5,173594,0,0,0,0,7170,0,8,17,0,0,10850,1,60.5604,10.4379,6.15371
Seraphimus7,10,39156,41,0,53,0,31780,0,39,36,0,0,31350,2,43.8378,16.1355,16.5082
Sestelo,23,89646,6,0,45,0,40310,0,66,82,0,0,113405,1,67.5854,15.6539,8.46969
SethJew,13,46523,20,0,145,0,37850,0,65,75,0,0,144260,1,48.8371,25.5539,19.3453
SgtBor,16,82400,120,6,421,0,49340,0,24,91,0,0,0,2,59.3515,14,41.4515
SgtGreenDuck,0,0,0,0,0,0,0,0,0,0,0,0,0,2,0,0,0
Shadows17,0,43769,0,0,0,0,0,0,0,0,0,0,0,1,35.1163,0,0
ShanghaiiJoe,9,22674,0,0,135,0,27480,0,38,34,0,0,79010,2,37.2092,18.6273,22.4333
Sheepoi,12,156470,16,0,47,0,32840,1,30,81,0,0,82010,2,65.6717,20.7181,12.2323
Shilhiad,94,186227,330,0,1048,0,279290,1,127,370,0,0,105360,2,150.875,13.4163,21.3829
ShiraiX,0,57957,0,0,0,0,0,0,0,0,0,0,0,3,38.558,0,0
Shiro06,0,16111,0,0,0,0,0,0,0,0,0,0,-7.61596e+06,2,25.1751,0,0
Shroooood,102,174446,817,27,2564,0,291530,0,280,280,0,0,525510,3,157.651,24.9609,40.3117
Sigtran,0,496,0,0,0,0,0,0,0,0,0,0,0,2,7.89942,0,0
SikeLinco,64,210041,105,3,461,4,177520,1,167,208,0,0,527620,3,123.201,26.0164,15.2567
Simizux,55,143004,68,1,395,1,152050,1,123,102,0,0,257570,1,107.087,15.7525,15.2508
SirDamm,0,0,0,0,0,0,0,0,0,0,0,0,-162880,1,0,0,0
SkyBlueDreams,342,187694,339,0,454,0,289520,0,199,141,0,0,121740,0,399.024,4.89871,7.39315
Skykaan,1,103804,0,0,0,0,5120,0,4,11,0,0,36150,2,47.8165,31.2916,8.45897
Skysyde,2,149487,0,0,0,0,8380,0,5,14,0,0,12680,2,54.8619,19.5033,8.04551
SledgeHugo,9,74351,5,0,27,0,43690,0,49,68,0,0,110540,2,50.8927,29.5695,11.3469
SledgeManHammer,0,32801,0,0,0,0,0,0,0,0,0,0,0,0,31.9,0,0
SliceSeven,0,45077,0,0,0,0,0,0,0,0,0,0,-4.33016e+06,1,35.4623,0,0
Slimp003,119,160338,548,56,2010,1,494820,1,440,474,0,0,1.03817e+06,2,173.11,43.1033,29.0301
Smith8391,19,72836,1,1,137,0,28610,0,34,39,0,0,52760,2,60.6065,8.81956,13.2285
SnabbsterFile,47,151107,1,0,596,1,133930,0,124,261,1,1,149745,2,100.052,20.7122,19.3059
SnafuXIV,0,13729,0,0,0,0,0,0,0,0,0,0,0,2,23.869,0,0
Snaparazzi,0,35573,0,0,0,0,0,0,0,0,0,0,-377850,2,32.7735,0,0
SneakyPlG,116,146596,417,3,748,1,263050,1,461,372,0,0,801130,2,168.519,36.1001,16.9002
Snuppy-Cz,24,79396,97,0,233,0,104860,0,43,104,0,0,43175,2,66.8186,13.517,21.1301
SoV-CapMurphy,69,116922,245,0,870,0,255520,1,316,368,0,1,881650,3,117.709,43.1512,23.8008
SokonoMP,12,58225,48,0,245,0,20640,0,19,44,0,0,44200,3,50.6173,11.5496,30.4399
SoldierJoul,0,25313,0,0,0,0,0,0,0,0,0,0,-1.01234e+06,2,29.2626,0,0
Soltsu,0,20427,0,0,0,0,0,0,0,0,0,0,0,2,27.2457,0,0
SpacemanSp1iff,0,1638,0,0,0,0,0,0,0,0,0,0,-3.75143e+06,1,11.7589,0,0
Spelimies,18,82977,30,0,207,0,48360,0,91,65,0,0,206370,2,61.4523,23.3239,20.1991
SpionageTripper,130,209084,168,4,648,0,290350,0,328,234,0,2,349260,2,189.111,18.2614,12.8742
Squirrel_Gnut,0,5582,0,0,0,0,0,0,0,0,0,0,0,1,17.6881,0,0
Stadtkind01,1,138024,0,0,0,0,2300,0,3,2,0,0,0,2,52.476,10,6.92519
Ste1nbe1sser,0,54243,0,0,0,0,0,0,0,0,0,0,0,2,37.7169,0,0
SturdyNerd,1,93585,0,0,0,0,540,0,4,5,0,0,11400,2,46.2284,18.4576,4.82057
SunFlowerSeeds,0,21878,0,0,0,0,0,0,0,0,0,0,-1.91604e+06,1,27.8755,0,0
Superskrillex,0,91565,0,0,0,0,0,0,0,0,0,0,-3505,2,44.901,0,0
SupportERZ_Adler,8,34690,35,0,21,0,16610,0,15,8,0,0,4740,2,40.5004,5.21001,13.75
SvetlanaSwe,0,4024,0,0,0,0,0,0,0,0,0,0,-53365,2,15.8618,0,0
SweetSH,36,62711,144,0,510,0,132560,0,113,97,0,0,28450,2,75.5836,12.0403,25.7897
Szakran,0,35660,0,0,0,0,0,0,0,0,0,0,0,2,32.8002,0,0
SzklankaMoczu,37,95865,44,0,124,0,128240,0,49,157,0,0,32650,2,82.5924,12.178,11.6723
T1ckTac,0,8732,0,0,0,0,0,0,0,0,0,0,-32530,1,20.5301,0,0
TAROISHI,0,19368,0,0,0,0,0,0,0,0,0,0,0,3,26.767,0,0
TAlexandre_5,0,19016,0,0,0,0,0,0,0,0,0,0,0,2,26.604,0,0
TIE_kousaka,0,0,0,0,0,0,0,0,0,0,0,0,-1.03753e+06,3,0,0,0
TLAZZO,101,192864,13,87,124,1,320880,1,155,386,0,0,4580,1,158.542,10.2037,9.50766
TR-enivicivokke,0,52289,0,0,1,0,1910,0,4,5,0,0,8550,2,37.259,0,0
TYT_Sirrius,0,2250,0,0,0,0,810,0,0,2,0,0,0,2,13.07,0,0
Tajgrr,8,253579,18,0,103,0,5120,0,10,18,0,0,26380,2,71.0333,7.97172,20.0297
Tanfuhand,144,283647,137,0,596,1,334380,1,441,372,0,0,1.56151e+06,3,209.43,52.0602,11.9417
Tarkus8,46,66901,642,0,2270,0,257990,0,219,163,0,0,444410,2,86.4454,28.8151,71.6537
TheGreatVikku,70,113710,35,3,140,1,139970,0,126,268,0,0,206080,1,118.259,17.3158,8.68657
TheKFCManager,0,82225,0,0,0,0,660,0,0,0,0,0,-500,2,43.3208,0,0
ThePoce,13,79616,157,0,486,1,42360,0,25,39,0,0,-13800,2,55.8581,0,56.5551
TheRipperJack,1,70850,12,0,49,0,4720,0,7,1,0,0,-5.32526e+06,2,42.2252,0,69.2887
TheSl0thzilla,19,58591,82,0,310,0,70780,0,37,39,0,0,82870,2,57.6979,10.744,27.8123
TheSlimeBeast,0,9547,0,0,0,0,0,0,0,0,0,0,0,1,21.1493,0,0
The_Donatello,71,173381,67,108,180,0,114640,1,164,151,0,0,475310,2,126.538,21.6356,11.3383
The_Wataugan,56,239118,21,31,124,1,78920,0,106,96,0,0,-5.72244e+06,0,117.813,0,9.12672
Thestjestery,0,0,0,0,0,0,0,0,0,0,0,0,0,1,0,0,0
ThomasSilk,90,327114,110,0,264,0,245370,1,484,197,0,0,844960,0,158.611,38.2182,11.2257
Thyrone85,0,23810,0,0,0,0,2200,0,8,10,0,0,-6.30062e+06,2,28.6722,0,0
Tiger_River,0,0,0,0,0,0,0,0,0,0,0,0,0,3,0,0,0
Tirith2708,2,13488,0,0,0,0,4310,0,0,0,0,0,20,2,25.7286,0.00250356,6.81337
Todd79,109,147091,401,23,1486,4,367190,0,183,275,0,0,326350,2,161.578,17.6396,24.618
Todesmutig,124,185287,569,24,1844,3,592080,1,565,151,0,0,1.18974e+06,2,180.78,42.8925,27.3123
Tonto8888,0,0,0,0,0,0,0,0,0,0,0,0,-2.90652e+06,2,0,0,0
Tribun228,1,46913,0,0,0,0,2510,0,2,0,0,0,2280,2,36.9369,4.11058,7.07813
TribunSoil,34,88428,159,0,548,1,119040,0,48,101,0,0,0,2,78.3828,8,27.6922
Trumpgun,42,94582,345,0,438,1,129080,0,263,265,0,0,598080,0,87.3883,41.8613,25.4454
Tschonadhan,47,129882,107,0,422,1,69430,0,83,146,0,0,153990,2,97.4443,13.8345,17.1993
Tyconson67,178,284977,372,13,409,4,445720,1,402,868,0,0,596020,3,243.532,30.8076,11.0739
UDT-Raptor,28,296046,17,0,60,0,47090,0,67,41,0,0,128330,2,94.3686,11.0913,8.40312
UDrocket,2,35334,0,0,5,0,4270,0,7,11,0,0,20150,3,34.7,18.7624,8.7975
Ukekkonen,94,159299,97,0,389,2,326200,1,302,187,0,0,693080,2,147.993,29.3254,12.6751
Ulpia_Victrix,18,83760,0,0,253,0,85790,0,14,65,0,0,0,2,61.5884,8,22.3088
Ult1mo69,0,0,0,0,0,0,0,0,0,0,0,0,-1.47465e+06,2,0,0,0
Unintentional,87,133342,179,0,531,2,307360,0,251,469,0,0,619630,3,137.888,33.4225,15.7091
UpYoursJobu,114,164378,76,0,163,4,282850,0,408,318,0,0,784330,1,168.56,33.6704,9.05759
VGTGVGS,0,13109,0,0,0,0,0,0,0,0,0,0,0,1,23.5045,0,0
Van_der_Sisior,0,53035,0,0,0,0,0,0,0,0,0,0,0,2,37.4351,0,0
Verskaizi,0,108243,0,0,0,0,0,0,0,0,0,0,-20330,1,47.4739,0,0
ViktorGUNNER,7,34841,0,0,10,0,4120,0,15,21,0,0,18400,2,39.5474,10.7026,5.9243
Viperynekevin,11,12537,0,0,0,0,11360,0,5,5,0,0,30290,2,34.1579,2.10081,5.66787
VitaliusUA,81,109743,64,2,156,0,157760,0,184,342,0,0,-4.846e+06,2,128.692,0,8.64265
VitoLucchesi,104,179060,661,89,2343,1,406060,1,385,364,0,0,10030,2,160.137,14.4082,36.9046
Viulenzza,67,85980,24,0,0,0,95610,0,342,318,0,0,762300,3,110.97,40.1061,6.14619
Viwwee,0,724,0,0,0,0,0,0,0,0,0,0,0,2,8.95969,0,0
VladNosferatu,53,46892,501,4,1743,0,222560,1,111,202,4,1,51685,2,88.9315,12.7859,50.0498
WAR-WIENER-HPD,0,7037,0,0,0,0,0,0,0,0,0,0,-1.46611e+06,1,19.1065,0,0
Warfrizz,0,13457,0,0,0,0,0,0,0,0,0,0,0,2,23.7104,0,0
WiliamShatnrFace,9,95323,1,0,0,0,20410,0,9,59,0,0,25670,1,54.5064,15.9481,6.90022
Wilson_MASKMAN,41,49708,66,10,339,0,103980,0,137,153,0,0,542260,3,77.6362,29.401,17.0964
XHausBogenX,54,84665,566,0,1260,-994,197210,1,103,256,1,1,7575,2,97.7447,13.318,22.7738
XXXIIMMXV,7,15635,7,0,66,1,21020,0,31,33,0,0,54430,2,31.925,19.8718,17.4021
X_Long_Johnson_X,42,108456,281,0,1158,4,135970,0,37,21,1,0,62180,2,89.505,4.11252,41.5429
Xepburn,103,145970,105,0,285,0,275760,0,105,249,1,0,185090,2,155.444,11.7227,10.193
Xiaoliang-Z,12,33633,0,0,63,0,19120,0,15,64,0,0,76830,3,44.1672,15.5611,11.3176
Xxamiss,0,19455,0,0,0,0,0,0,0,0,0,0,-3.0736e+06,2,26.8069,0,0
Yeru888,21,80673,53,0,142,0,47530,0,61,52,0,0,-1160,2,64.0468,0,15.8972
Yukhinai,0,960,0,0,0,0,0,0,0,0,0,0,0,2,9.84229,0,0
YurinGagarin,0,59489,0,0,0,0,0,0,0,0,0,0,-2.73711e+06,2,38.8944,0,0
Z00RZ,121,419311,48,27,383,2,209710,0,273,148,0,0,590735,1,195.525,22.6697,9.45208
ZULA35,41,44489,0,0,0,2,95160,0,166,18,0,0,448300,2,76.3076,20.9186,6.9402
ZXY112233,2,66279,0,0,0,0,5120,0,7,6,0,0,16020,2,42.3198,13.6205,7.11312
ZYB01,64,55269,4,1,50,1,50420,0,28,45,0,0,-3.297e+06,3,101.953,0,5.29656
Zakityzak77,0,5819,0,0,0,0,0,0,0,0,0,0,-2.22228e+06,1,17.9347,0,0
Zaveidister,70,64799,35,2,191,1,143320,0,33,69,0,2,68620,2,110.018,4.31068,9.72635
Zer0Wulf,52,103312,55,0,224,1,221150,0,146,121,0,0,459850,1,98.7425,23.2256,13.0751
ZiiKa_ZorTAaX,0,6320,0,0,0,0,0,0,0,0,0,0,-284425,2,18.4348,0,0
Zivi_Of_Hell,4,142665,16,0,162,0,23590,0,50,26,0,0,77320,2,56.046,40.576,52.7631
ZloyKaza4ek,11,37126,36,0,76,0,66370,0,57,59,1,0,82550,2,44.2432,23.7344,18.8132
ZulfoDK,23,36027,129,0,601,1,83020,0,81,40,1,0,-5.59921e+06,2,55.9122,0,38.7508
_Mixfaitt_,0,0,0,0,0,0,0,0,0,0,0,0,-420,2,0,0,0
_SRB_cevapcici_,247,281154,41,0,2140,1,383700,0,488,197,0,0,703750,2,312.238,24.6006,14.2776
aPatriot64,73,195357,158,0,437,0,211480,1,202,158,0,0,425160,1,130.789,21.3019,15.3358
aaron_zille,1,44450,0,0,8,0,11270,0,11,2,0,0,-7.19922e+06,2,36.2973,0,18.3034
addmaster1982,79,161701,225,0,1037,2,228190,1,189,368,0,0,118650,2,133.263,17.8081,23.3308
aeroguz,2,66125,0,0,0,0,1910,0,5,5,0,0,5720,2,42.2886,10.2479,5.55905
aeternuM-gemsdan,0,25749,0,0,0,0,0,0,0,0,0,0,0,2,29.4295,0,0
alex_bridge,0,5175,0,0,0,0,0,0,0,0,0,0,-7.30546e+06,2,17.2477,0,0
aloszek,0,4445,0,0,0,0,0,0,0,0,0,0,-4.92991e+06,2,16.3961,0,0
anmlhckr,0,0,0,0,0,0,0,0,0,0,0,0,-909575,2,0,0,0
anton197866,385,309974,35,0,700,3,922760,1,9,30,33,44,108665,2,452.392,3.51408,7.99635
arbtrader,16,60015,0,0,0,36,12260,0,12,5,1,0,-75340,2,55.0086,0,7.26087
aronal_elmex,0,0,0,0,0,0,0,0,0,0,0,0,-910,2,0,0,0
atpisies,0,113482,0,0,0,0,0,0,0,0,0,0,-49220,2,48.227,0,0
attacusgrey,114,130485,30,0,137,44,397090,1,464,347,0,0,1.03736e+06,0,164.522,42.0829,8.68225
ausQuoll,0,0,0,0,0,0,0,0,0,0,0,0,-10880,3,0,0,0
avisstorm20129,0,20281,0,0,0,0,0,0,0,0,0,0,0,2,27.1807,0,0
axuetti,0,2810,0,0,0,0,0,0,0,0,0,0,0,2,14.0741,0,0
b0rdga,1,17598,0,0,0,0,150,0,0,0,0,0,-6585,2,26.9262,0,3.49964
badmaner,0,1992,0,0,0,0,0,0,0,0,0,0,0,2,12.5506,0,0
barbar0ssa_4,0,0,0,0,0,0,0,0,0,0,0,0,-2.4382e+06,2,0,0,0
bell-lin-JPN,22,61849,25,0,102,0,40440,0,39,87,0,0,-5.18132e+06,3,61.4016,0,11.5477
birgire,15,61218,20,0,182,1,52380,0,68,74,0,0,-5.44844e+06,2,54.2673,0,20.6872
biytoar,0,49331,0,0,0,0,0,0,0,0,0,0,-38615,2,36.5434,0,0
bluefoxh,7,40325,0,0,475,0,9680,0,29,24,0,0,22700,3,41.1709,15.8487,73.0972
bomb1922,9,30891,0,0,6,0,23250,0,19,9,0,0,39250,2,40.269,7.39149,7.12904
buggsy442,75,263810,31,0,158,1,130480,0,180,276,0,0,576680,0,138.869,28.3026,8.45766
burtethead,0,46195,0,0,0,0,0,0,0,0,0,0,0,2,35.7528,0,0
camrule,40,81195,249,0,333,0,105120,0,54,55,0,1,-2.16874e+06,2,83.1393,0,21.1599
chiquita333,20,153404,2,0,200,0,42820,0,66,52,0,0,-206450,2,73.3192,0,16.8023
chr23k,72,152588,185,0,2233,0,220960,0,121,164,0,0,108150,2,125.225,10.4989,40.4424
conflictuzz,0,6485,0,0,0,0,0,0,0,0,0,0,-43220,2,18.5937,0,0
conny63,160,207506,0,0,0,3,195960,0,4,6,0,0,0,2,218.962,0,5.91487
courier59,4,122876,2,0,14,0,6010,0,6,3,0,0,10860,2,53.5214,4.43824,10.2254
cpD3ath,88,112994,121,0,1060,0,156880,0,89,137,0,0,334720,2,136.158,14.8671,19.4972
danagin,25,100578,66,0,368,1,104880,0,52,68,0,0,142100,1,71.3269,13.4914,25.0479
daneagle5,123,219972,19,0,47,0,100150,0,149,167,0,0,412560,2,183.119,16.9651,5.34141
dawie180,51,50252,0,0,0,0,34010,0,39,87,0,0,-1.11794e+06,3,87.7692,0,5.08006
deWengo,11,28567,33,4,164,0,31960,0,16,16,16,0,-12460,2,41.4651,0,25.3415
deadeasy88,4,129385,44,0,217,0,10780,0,14,4,0,0,26480,3,54.3799,9.97505,72.2051
dekisugi,92,97840,415,26,861,1,271000,0,243,288,0,0,646310,3,137.903,29.1154,21.3667
demolter,95,199381,45,0,234,0,219840,1,124,304,0,0,271605,2,153.183,17.1403,8.93571
deuces32,34,82809,4,0,444,0,67150,0,73,103,0,0,124880,1,77.423,13.9906,19.6664
dh3lix-Pooch,0,95875,0,0,0,0,0,0,0,0,0,0,0,2,45.594,0,0
dk6hf,498,455746,1112,0,6092,4,783150,1,351,497,8,2,746425,2,574.622,23.6987,20.2967
drakon333111,58,112968,70,0,371,2,130690,0,192,219,0,0,437200,3,106.154,26.623,13.8895
dudesoup8,0,38203,0,0,0,0,0,0,0,0,0,0,0,2,33.5613,0,0
duniek,0,8756,0,0,0,0,0,0,0,0,0,0,0,2,20.5489,0,0
eGe-Lechinois,10,88917,7,0,0,0,24390,0,15,32,0,0,18800,1,54.4643,9.71635,7.02753
eddemegezien,0,0,0,0,0,0,0,0,0,0,0,0,0,2,0,0,0
eist3ex33,0,5566,0,0,0,0,0,0,0,0,0,0,0,2,17.6712,0,0
engineeruk,41,94348,0,0,0,0,70960,0,68,93,0,0,-6.87748e+06,2,86.3509,0,6.44928
eppem,59,151426,89,37,406,0,131010,0,146,138,0,0,380840,2,112.089,20.1139,15.8642
erwson,44,184688,75,0,675,1,174800,0,165,210,0,0,127990,2,100.718,21.0814,24.9388
evaair,0,34238,0,0,0,0,0,0,0,0,0,0,0,3,32.3587,0,0
evgen1560001,115,590009,75,0,187,0,2650,0,252,305,0,0,460480,2,198.502,22.2423,4.18994
facKYLuke,0,0,0,0,0,0,0,0,0,0,0,0,0,2,0,0,0
fetjohan,29,78799,108,0,337,0,93230,0,25,98,0,1,49790,2,71.7112,9.72633,22.5294
frogheartboy,37,114996,79,6,186,1,109600,0,66,46,0,0,-4.36598e+06,2,85.4404,0,14.3773
furyZotac,21,21542,107,0,266,0,30560,0,47,23,0,0,70360,3,48.7322,8.36396,23.1761
gammelkrage,0,0,0,0,0,0,0,0,0,0,0,0,-5.19496e+06,2,0,0,0
generalrancor,0,28243,0,0,0,0,0,0,0,0,0,0,0,2,30.3496,0,0
gesunTight,0,3749,0,0,0,0,0,0,0,0,0,0,0,2,15.4922,0,0
ghung1205,0,11697,0,0,0,0,0,0,0,0,0,0,0,3,22.6292,0,0
glicanear,0,2323,0,0,0,0,0,0,0,0,0,0,0,2,13.2097,0,0
goney02,106,117753,46,0,163,0,74800,0,80,110,7,3,84230,3,154.824,5.78506,6.15285
gousi-jed,73,160905,50,0,508,1,126880,0,135,83,3,0,96220,3,127.174,8.14461,13.4567
gubbel_on_acid,102,157889,114,12,740,6,403670,1,129,341,1,0,405,2,155.833,9.0253,15.9312
han61571,38,48717,20,0,91,1,75060,0,111,100,0,0,215220,3,74.3913,17.5726,8.66641
hcfilo,77,128075,0,37,4,1,87490,1,36,109,0,0,253080,1,127.209,10.6281,5.80557
heckenschuetze2k,0,18662,0,0,0,0,0,0,0,0,0,0,0,2,26.438,0,0
henkka00_,0,8849,0,0,0,0,0,0,0,0,0,0,0,2,20.6213,0,0
hennorich123,1,54754,0,0,0,0,200,0,0,0,0,0,-64950,2,38.8349,0,3.7606
hermann-v-hinten,0,505,0,0,0,0,0,0,0,0,0,0,-74930,2,7.94687,0,0
hhyox,21,46105,54,35,160,1,94580,0,105,74,0,0,258430,3,56.7296,24.7763,19.1917
hibikiwnenc,0,10838,0,0,0,0,0,0,0,0,0,0,-6680,3,22.0617,0,0
hikaru1713,0,472,0,0,0,0,0,0,1,0,0,0,200,3,7.77003,0,0
hilok83,90,187616,39,19,327,0,190040,0,200,198,0,0,541280,2,147.016,23.3753,10.7783
hxsul,24,99653,16,0,95,2,79880,0,63,74,0,0,-1.01037e+06,2,70.1846,0,11.5953
hypplarn,163,236321,166,0,539,0,43847,0,126,166,0,0,449980,2,224.571,15.9633,8.04984
iHaB001,1,3518,0,2,0,0,280,0,2,1,0,0,1520,3,16.1676,6.0778,6.09062
illegalcolors,23,103597,8,23,25,0,48010,0,54,69,0,0,147040,2,69.7854,14.6342,8.75897
imperator0815,58,206577,249,0,1432,0,308390,0,133,130,0,0,180240,2,116.874,14.585,36.5392
iwatenn,0,46,0,0,0,0,0,0,0,0,0,0,0,3,3.57848,0,0
javichu52,0,11346,0,0,0,0,0,0,0,0,0,0,0,2,22.4008,0,0
jaytripple,0,63787,0,0,0,0,0,0,0,0,0,0,0,2,39.8085,0,0
jeffersons_wine,23,84429,0,0,2,1,126870,1,76,91,0,0,132675,1,66.7041,18.2179,8.61799
johnqin,1,41403,0,0,0,0,650,0,1,0,0,0,-2.67379e+06,2,35.4724,0,5.04927
juhta09,91,132233,0,0,20,0,164460,1,129,296,0,0,520110,2,141.747,23.8187,6.51988
kaLu303,95,208808,559,1,1758,1,308960,0,257,446,0,0,272550,2,154.085,22.1663,31.5516
kakaskasmaka,0,31619,0,0,0,0,0,0,0,0,0,0,0,2,31.5125,0,0
kdr0001,20,68139,0,0,24,1,42440,0,70,91,0,0,138365,1,60.6931,20.3832,7.78713
killkoooo,5,97645,6,0,0,0,8360,0,17,8,0,0,2790,2,50.8726,10.1319,7.39454
kilokilo2,50,277499,76,81,315,1,97220,0,150,112,0,0,214400,2,114.954,16.5496,15.6401
kone02695,0,5083,0,0,0,0,0,0,0,0,0,0,0,0,17.145,0,0
koperkos,1,28521,0,0,0,0,9750,0,6,1,0,0,-7270,2,31.4488,0,9.9369
kotbox,63,119172,144,0,490,2,219050,1,129,189,0,0,50960,2,112.019,11.7631,17.6784
kunyun19,1,15072,6,0,39,0,990,0,0,0,0,0,0,1,25.6224,0,50.6093
lBlurryFacel,31,83889,24,3,110,0,54830,0,60,133,0,0,48935,3,74.6108,13.6994,10.4844
la_sensu,86,190823,196,6,21,0,169740,1,165,167,0,0,238190,2,143.339,14.2145,8.66472
laaza,76,137159,135,0,373,1,141200,0,74,149,0,0,216660,2,127.368,11.613,12.5645
legion_andrey,20,113257,47,0,494,0,59850,0,54,112,0,0,-2.38055e+06,2,68.1952,0,34.3959
leisertod1,1,2210,18,0,113,0,8020,0,0,0,0,0,0,2,13.9922,0,140.463
lesley_88_nl,0,9031,0,0,0,0,0,0,0,0,0,0,0,2,20.7616,0,0
lzy4202,0,508,0,0,0,0,0,0,0,0,0,0,-1340,1,7.96256,0,0
maaaaar1111,0,0,0,0,0,0,0,0,0,0,0,0,-50,2,0,0,0
majikmushi,0,9929,0,0,0,0,0,0,0,0,0,0,-43800,3,21.4274,0,0
makar4224,187,179700,169,0,0,1,152550,0,171,154,0,0,-4.77147e+06,1,243.204,0,5.34305
malbubbles,0,0,0,0,0,0,0,0,0,0,0,0,0,2,0,0,0
mamojebac_st,56,302719,79,0,178,0,171600,0,290,190,0,0,766260,2,122.863,38.2076,11.44
marksta80,2,1739,0,0,0,0,100,0,0,0,0,0,-184560,2,13.9955,0,2.65915
mathiej2,97,188549,369,0,859,3,317720,0,268,222,0,0,552570,2,154.111,25.6715,19.5649
medic_pls_rev_me,0,14421,0,0,0,0,0,0,0,0,0,0,-11530,3,24.2631,0,0
mef_MZA,3,57379,21,0,148,0,9240,0,10,13,0,0,2390,1,41.4295,15.1152,63.4497
mekaminos,43,111509,0,0,55,0,78670,0,111,77,0,0,-495007,2,90.9462,0,7.53963
metalsurai-,2,21221,0,0,0,0,1460,0,1,2,0,0,-7.01898e+06,3,29.5939,0,5.19793
migue21_21,28,104806,143,0,432,0,59410,0,66,90,0,0,116130,2,74.9665,14.7341,26.7863
minazoko,10,47594,6,0,4,0,54320,0,51,79,0,0,200530,1,46.1098,32.1594,9.58499
minosha87,0,53542,0,0,0,0,0,0,0,0,0,0,0,2,37.5539,0,0
mkis92,15,51456,14,0,73,1,18110,0,32,58,0,0,-4.5987e+06,2,52.0602,0,10.8942
mohamad_6656,37,59401,28,0,339,0,82030,0,98,55,0,0,-18080,2,75.8753,0,15.8619
mugiwaranokuni,113,123819,0,0,132,0,49470,0,0,0,0,0,-868025,2,162.648,0,5.57215
n4pl,61,90147,26,0,82,0,236620,0,71,207,0,0,149630,2,105.668,13.7089,8.89187
n5332,0,24557,0,0,0,0,0,0,0,0,0,0,0,2,28.9687,0,0
nGlockeD,0,294818,0,0,0,0,0,0,0,0,0,0,0,2,66.2768,0,0
narblish,45,166325,138,0,962,0,101960,0,148,174,0,0,214980,1,99.7746,20.5659,30.8987
noFEARgr1,42,98024,67,0,22,0,70620,0,94,163,0,0,171250,2,87.9318,17.329,8.40312
nystr0m,0,11968,0,0,0,0,0,0,0,0,0,0,0,1,22.8024,0,0
oORaMpAgeOo,62,146044,423,41,1154,0,197280,1,99,299,0,0,28640,2,114.453,13.0465,33.51
oPURT,0,208341,0,0,0,0,0,0,0,0,0,0,0,1,59.0408,0,0
okkamagadu,10,7295,2,0,0,11,14470,0,21,23,0,0,19740,2,29.3369,8.74845,7.16761
oonumadango,48,53899,281,179,1084,1,166490,1,201,151,0,0,232880,3,85.6371,21.0665,39.674
papapayne,40,86800,0,0,1,1,81280,0,90,86,0,0,282410,1,84.109,16.4378,6.71399
pat_m0le,97,150977,75,0,532,2,369730,1,429,157,0,1,831995,2,150.037,34.8879,13.8571
pavul0n111,17,67083,15,0,52,0,24330,0,31,30,0,0,92140,2,57.482,10.0227,9.15049
pepupo80,1,26037,0,0,0,0,7800,0,3,0,0,0,16500,2,30.5387,6.63716,9.39775
pg_owns,0,60069,0,0,0,0,0,0,0,0,0,0,0,2,39.0203,0,0
phuN,0,106051,0,0,0,0,0,0,0,0,0,0,-14670,2,47.1516,0,0
poppiy12,7,96726,65,5,234,1,54840,0,20,37,0,0,26430,2,52.7284,16.9734,52.408
poupoution1,286,244075,269,0,268,6,613020,1,204,330,0,0,798610,2,348.237,25.0357,7.80386
prop4in,0,0,0,0,0,0,0,0,0,0,0,0,0,2,0,0,0
przemono96,0,0,0,0,0,0,0,0,0,0,0,0,0,2,0,0,0
puneetdaddy,18,18555,0,0,1,0,44640,0,100,92,0,0,-872000,1,44.3875,0,7.05688
quintenQd,0,1261,0,0,0,0,0,0,0,0,0,0,0,2,10.778,0,0
ragorne1,0,51205,0,0,0,0,0,0,0,0,0,0,0,2,36.9999,0,0
rayodefogo69,0,0,0,0,0,0,0,0,0,0,0,0,0,3,0,0,0
re-don14,73,140618,53,6,179,2,278460,0,213,259,0,0,504600,3,124.796,26.41,10.8586
recher243,31,96867,47,21,186,1,179150,0,103,87,2,0,120800,2,76.7506,15.8712,16.7189
relyz,14,77925,20,0,42,0,25620,0,25,58,0,0,22860,1,56.5528,11.8541,10.5405
sarbe9062,90,141106,65,3,149,3,212040,0,120,186,0,0,329125,0,141.856,15.7151,8.96697
schnakkbakk,0,21862,0,0,0,0,0,0,0,0,0,0,0,2,27.8687,0,0
seif_selmi01,43,111379,5,0,15,0,71760,0,67,131,0,0,210870,2,90.9276,15.4505,6.39071
sikbabba,4,233425,0,0,0,0,4500,0,2,2,0,0,22900,2,65.3187,2.85542,5.79146
sikte,0,0,0,0,0,0,0,0,0,0,0,0,0,3,0,0,0
skyCYM003,18,75000,0,9,16,0,33310,0,22,41,0,1,66285,3,60.0141,9.23901,7.55832
slawcio323,135,827961,0,0,2,0,37160,0,102,238,0,0,498760,2,228.475,19.2558,4.07224
snake-cgn,21,51713,86,8,270,0,66630,1,58,51,2,1,-63710,2,58.1218,0,24.5047
squad-Caporegime,53,110322,29,22,830,1,145260,0,250,249,0,0,385200,2,100.776,29.2312,23.235
steelchiliboy,0,55575,0,0,0,0,0,0,0,0,0,0,-24820,2,38.0229,0,0
steelerty8954,25,67317,291,1,932,0,105430,0,90,84,0,0,288670,1,65.529,21.6098,56.0584
straightupg814,23,71638,0,2,18,0,56170,1,36,73,0,0,88420,1,64.3774,11.9111,7.02969
strudelcumere,3,54296,4,0,40,0,6370,1,8,7,0,0,14900,2,40.7292,10.5815,20.7879
tarsap,68,140297,207,32,755,1,222020,0,199,305,0,0,494950,2,119.757,28.1552,21.5591
the_naked_ape,20,91032,242,0,823,0,72670,0,87,87,0,0,174870,3,64.8138,22.4322,60.7637
themadavenger,0,8155,0,0,0,0,0,0,0,0,0,0,0,1,20.068,0,0
thomsenkilla,0,5461,0,0,0,0,0,0,0,0,0,0,0,2,17.5595,0,0
tobizockt,72,177715,332,1,717,0,167210,0,47,89,4,2,17440,2,127.996,3.66963,20.9417
tomasz033,126,257217,6,8,159,2,253020,0,231,286,0,0,558620,2,189.333,23.83,7.69408
trademarkcain,40,141435,4,0,92,0,112090,1,168,107,0,0,-5.67622e+06,2,91.8962,0,9.27557
tzarx,205,274365,1492,0,9654,0,726280,1,722,842,0,0,-4.63604e+06,2,269.709,0,61.7146
uVe_17,0,39116,0,0,0,0,2920,0,1,2,0,0,-3.45186e+06,2,33.8263,0,0
uden73,7,54479,5,0,31,1,16210,0,21,20,0,0,90270,3,44.7715,13.9667,11.9365
ukiqurdiPL,36,102452,183,0,676,0,142330,0,105,106,0,0,206870,2,82.6126,17.338,30.9292
varodk,51,70972,84,0,246,0,60860,0,40,107,0,0,159870,2,92.2489,10.0034,11.8771
vetall_zp,25,43984,0,0,0,0,55100,0,37,69,0,0,180620,2,60.1736,13.5958,6.85177
von1965,0,0,0,0,0,0,0,0,0,0,0,0,-3.7557e+06,2,0,0,0
von_wrangel,3,24677,1,0,15,1,8590,0,15,7,0,0,-4.57466e+06,2,32.0157,0,12.3148
vueltegato,83,77116,121,0,238,0,94210,0,66,104,0,0,-2.79414e+06,1,125.405,0,9.80429
vvhorehoppin,2,10521,1,0,8,0,3460,0,2,4,0,0,0,2,23.8446,6,10.4493
warface46,42,71591,153,0,402,0,153510,0,20,104,7,5,65915,2,83.3683,8.22764,20.7754
wellhard68,114,155916,0,0,0,0,32500,0,0,0,0,0,0,2,167.608,0,4.10876
westi88,17,64058,14,0,86,0,54940,0,59,40,0,0,-6.55091e+06,2,56.8647,0,12.5394
wolf63pl,121,292994,28,0,304,1,161560,0,173,221,0,0,53370,2,187.14,7.83865,8.04464
wuxinsweet,0,0,0,0,0,0,0,0,0,0,0,0,0,3,0,0,0
x-B34tnU-x,0,27529,0,0,0,0,0,0,0,0,0,0,-4.01924e+06,2,30.0919,0,0
xGuiBaccax,11,59118,25,0,59,0,29040,0,14,22,0,0,39730,3,49.8135,7.40689,14.168
xLocke1909x,49,161296,132,0,286,0,139380,0,161,201,1,0,276265,0,103.217,22.2687,15.3027
xXP4ND4Xx,20,17987,1,0,5,3,46510,0,58,59,0,0,-4.34775e+06,1,46.1157,0,6.94394
xZlGx,0,26268,0,0,0,0,0,0,0,0,0,0,0,2,29.6257,0,0
xppleaterx,7,18425,0,0,0,0,15910,0,4,2,0,0,0,3,33.3257,1,6.90402
xxxxxDECOYxxxxx,8,68176,0,0,0,0,15540,0,8,3,0,0,23440,2,48.7005,2.87357,6.63838
yashkarang,219,172632,24,38,574,0,278600,1,440,202,2,0,-640115,3,274.458,0,7.97203
yezt,0,15169,0,0,0,0,220,0,1,0,0,0,280,2,24.6751,0,0
youRet4rd,4,45495,0,0,0,0,0,0,0,0,0,0,0,2,39.5715,0,0
yxill,77,107930,6,133,10,2,169030,0,297,213,0,0,594850,2,124.428,29.7771,7.84477
zardashti,185,423102,63,0,139,0,228210,0,290,310,6,3,719200,2,259.749,25.9987,6.92571
zippojippo,0,12542,0,0,0,0,0,0,0,0,0,0,-977475,2,23.1609,0,0
zyz3135932,41,147131,13,0,128,1,84500,0,29,83,0,0,77020,3,93.583,7.56692,9.737
-5213-YucnW,0,8859,0,0,0,0,0,0,0,0,0,0,-2.04948e+06,3,20.629,0,0
-BGS-CoRteX,0,0,0,0,0,0,0,0,0,0,0,0,0,2,0,0,0
-FRA-Fisch75018,4,10506,46,0,210,0,10350,0,20,9,0,0,-3.84312e+06,2,25.8343,0,71.1318
-HERO-M4Aone,2,2824,0,0,0,0,2650,0,0,9,0,0,1120,3,16.0974,9.05982,6.03329
-HRN4-AsukaMie,14,13856,2,0,3,0,12545,0,22,48,0,0,99870,3,37.9423,13.2533,5.47113
-MouBimex-,10,81006,41,0,135,0,27680,0,20,20,0,0,55710,3,53.1059,9.91173,24.2534
-S0NLaK3-,0,12704,0,0,0,0,0,0,0,0,0,0,0,2,23.2601,0,0
-Saiyan_1988,0,9943,0,0,0,0,0,0,0,0,0,0,0,2,21.4375,0,0
-VF-Nr1_Tulling,0,0,0,0,0,0,0,0,0,0,0,0,-4.20062e+06,2,0,0,0
-XS-Damage-UK,0,18239,0,0,0,0,0,0,0,0,0,0,-71030,2,26.2369,0,0
-vkv-nacho,0,0,0,0,0,0,0,0,0,0,0,0,0,1,0,0,0
020976,1,9508,0,0,0,0,240,0,0,0,0,0,0,2,22.1205,0,3.93598
0_Coriolanus_0,0,23295,0,0,0,0,380,0,1,0,0,0,-34160,2,28.4642,0,0
1CamperKiller1,0,0,0,0,0,0,0,0,0,0,0,0,0,3,0,0,0
1ClassyEagle,10,43946,45,0,166,0,44620,0,27,32,0,0,40820,1,45.1635,12.4418,29.173
1V8f9B3,2,22046,7,0,24,0,3120,0,3,2,0,0,-4.89344e+06,2,29.9466,0,21.2847
21XX63R3BNHQ,45,196296,1,9,104,0,38000,0,44,98,0,0,-3.14696e+06,3,102.881,0,7.38996
2ix-,0,0,0,0,0,0,0,0,0,0,0,0,0,0,0,0,0
3BEPbexe,0,28441,0,0,0,0,0,0,0,0,0,0,0,2,30.4203,0,0
3NfLuRe,23,16361,48,0,293,0,37870,0,72,23,0,0,-5.59384e+06,2,48.3046,0,20.3695
8-Pizzapelle-8,0,51199,0,0,0,0,0,0,0,0,0,0,0,2,36.9985,0,0
88Freisler,67,123827,0,8,102,2,204340,0,248,247,0,0,577180,2,116.649,30.3157,8.43086
8BitNates,53,72310,234,0,748,0,154500,0,192,169,0,0,318350,2,94.5062,22.4217,25.3478
9001EARRO,4,73453,0,20,0,0,2450,0,4,4,0,0,13120,3,45.7235,4.51888,9.97379
90sKitchenTV,0,16261,0,0,0,0,0,0,0,0,0,0,-1.57655e+06,1,25.2529,0,0
98NinetyEight,3,6892,0,0,9,0,4690,0,6,7,0,0,5700,3,21.9744,8.24716,9.28767
AIGROUP,0,11710,0,0,0,0,0,0,0,0,0,0,-5.14674e+06,3,22.6376,0,0
AK_Alexx,24,81709,17,0,60,0,72690,0,33,98,0,0,200100,2,67.2301,16.1473,10.418
ANTILOP3x,18,94284,19,0,72,0,24680,0,29,72,0,0,-4.22874e+06,2,63.3407,0,11.085
ATMamber,5,4977,3,0,17,0,7410,0,15,8,0,0,20550,3,22.0251,9.77601,10.2046
AceTankerBG,0,30436,0,0,0,0,0,0,0,0,0,0,0,2,31.1149,0,0
AcesWyld1991,0,0,0,0,0,0,0,0,0,0,0,0,-117360,1,0,0,0
Adja_the_vadja,5,55497,11,0,61,0,11470,0,10,23,0,0,59850,0,43.0051,15.0404,20.9207
Adje1965,0,300993,0,0,0,0,0,0,0,0,0,0,-2.40523e+06,2,66.7359,0,0
AgARedScorPion,69,131266,62,0,82,2,206220,0,278,283,0,0,-5.37125e+06,2,119.623,0,9.39342
AgnusNascimento,21,20332,21,0,40,0,58170,0,55,57,0,0,155600,0,48.2034,14.8808,9.25471
Aiksx,0,0,0,0,0,0,0,0,0,0,0,0,0,2,0,0,0
Akitakuma,8,43669,1,0,0,1,11380,0,11,15,0,0,37370,1,43.0895,7.33101,6.1408
Akt1onT4,0,27985,0,0,0,0,0,0,0,0,0,0,0,1,30.257,0,0
AkuFlash,0,56579,0,0,0,0,0,0,0,0,0,0,0,2,38.2502,0,0
Al-Diablo59,0,40538,0,0,0,0,0,0,0,0,0,0,0,2,34.2309,0,0
Alitopsy,2,5068,17,0,63,0,9170,0,2,4,0,0,-26310,1,19.1282,0,48.2288
Allrixas,71,121632,1,9,0,0,2875,0,24,57,0,0,-34425,2,120.354,0,2.51487
Alpengangster,0,52234,0,0,0,0,0,0,0,0,0,0,0,2,37.2459,0,0
AmazingJY0826,143,172593,481,73,1394,1,269330,1,374,316,0,0,40825,3,198.453,10.442,19.5874
Ammar151999,26,54108,72,0,831,0,95650,0,127,88,0,0,-4.10802e+06,2,63.6857,0,41.7876
Ananaspulla666,0,8238,0,0,0,0,0,0,0,0,0,0,-452400,2,20.1358,0,0
Anarkhyst,0,9541,0,0,0,0,0,0,0,0,0,0,0,3,21.1449,0,0
Andyspongebob,0,62916,0,0,0,0,0,0,0,0,0,0,0,2,39.6267,0,0
Anibal_Smith-O_O,77,161483,1,0,381,1,122460,0,160,185,0,0,350990,2,131.238,18.3083,10.3146
Annubis_BR,332,351116,465,37,1706,3,1125780,2,1957,1171,0,0,-1.02001e+07,1,402.248,0,13.6304
ArmaliteNative,0,5389,0,0,0,0,0,0,0,0,0,0,0,3,17.482,0,0
Arskanaattori,0,3739,0,0,0,0,0,0,0,0,0,0,0,2,15.4785,0,0
Atamen,90,79356,0,0,7,6,94350,0,86,84,0,1,160880,2,132.811,8.03236,5.68971
Avenger-Dantes,50,96010,78,0,354,0,101240,0,52,134,0,0,174740,3,95.6154,12.4285,14.7074
Avri0n,38,63356,199,25,443,0,164410,0,130,237,0,0,330940,0,77.7187,28.7644,25.11
Azodiak,0,19897,0,0,0,0,100,0,1,0,0,0,2550,2,27.0082,0,0
B0ney,16,25719,141,0,257,0,64290,0,66,97,0,0,223170,2,45.4181,26.7953,31.9616
BADwombat,0,0,0,0,0,0,0,0,0,0,0,0,0,2,0,0,0
