Username, Rounds Played, Time Played, Revives, Repairs, Heals, Resupplies, Squad Score, Orders_Comp, Flag Captured, Flag Defended, Bombs Placed, Bombs Defused, Game Mode Score, Region
-GOE-FernandO,1075,1246900,2051,201,5246,7,2066990,4,4795,2357,1,2,8.17415e+06,1
-ROC-Smile,1053,1387828,39,4,221,234,1715180,5,5774,4052,0,0,7.4448e+06,1
-sB-Chieff,906,955897,1964,382,17368,5,2084090,4,2483,2463,12,9,4.64751e+06,1
0kres,860,776751,1941,77,5807,3,1263250,2,2132,2438,63,10,1.40023e+06,2
1221muflonPowah,1109,1294627,2812,131,22610,13,1796330,4,4370,3272,0,0,6.36119e+06,2
1342stetter,910,1121301,805,126,9149,4,1801930,3,789,2118,7,3,726545,2
1JohnnyUtah,979,1161573,2322,73,10033,1,1172120,1,1098,4413,16,8,2.12174e+06,1
1Lt_Ray-Ban,953,1025459,1441,201,11408,17,1954890,4,4080,2157,26,5,4.88972e+06,2
1_Bot_Hunter,1168,908731,568,60,4287,6,1090120,1,1298,1361,94,43,904455,2
22solice,2540,3087858,615,18,1612,15,2161920,6,3339,2621,0,0,6.13012e+06,1
2750_koala,959,845314,1284,108,9915,3,1396850,2,1841,2890,62,26,2.34203e+06,2
32FaultyPopsicle,1489,1634481,834,5,2027,5,2410450,6,2077,3227,40,18,3.91435e+06,0
4EPE5,1269,1388096,1414,438,11345,13,2040610,5,2988,4294,250,88,3.86424e+06,2
4ygo,824,892127,2839,191,20793,4,1587180,2,3450,2962,21,14,4.87785e+06,2
55Asandman,1030,1046477,834,65,275,5,2437250,5,2766,2104,1,0,7.13039e+06,1
63HEHO,1230,1332247,461,65,14902,13,2366600,5,2347,2485,5,2,3.59363e+06,2
69th_KeKe_Vlad,1129,1270561,6001,236,32746,21,2781260,5,4445,2787,5,1,5.75199e+06,2
6steelblades,2323,1283306,852,87,7009,7,2034200,4,1247,1491,32,7,1.3699e+06,2
86VorteX86,1025,967176,1738,61,7868,3,2348790,5,2232,2383,188,80,3.10463e+06,2
A170D,1255,849395,3136,198,15790,3,2155200,3,1664,2008,421,109,1.83867e+06,2
ACTUALLYACTUARY,863,917364,906,864,16934,4,1743240,3,1270,2311,87,28,2.99328e+06,1
ACpt44,772,900365,3017,281,7660,4,1425760,2,1442,2753,10,2,745870,2
AMBUSH-SVK,1782,1014584,1746,119,8189,6,1810070,3,2320,2629,45,35,2.20662e+06,2
AMGroad29,1628,1722546,57,64,545,7,2174220,5,2973,3373,7,4,6.00325e+06,0
AR-151982,1383,1304147,1094,81,7521,11,1666070,3,3367,2990,18,5,4.42628e+06,3
ARG_JohnWar,2292,2433979,3049,108,19180,17,3118540,7,5512,4453,12,6,8.96605e+06,0
A_Marm0t,608,732449,3225,195,10585,8,1575100,3,1384,2823,0,0,239475,1
AbYxMaL,1631,1323492,1891,50,7352,9,1922440,3,1923,1966,5,5,3.49673e+06,1
Ace-Hentai,1298,1333975,1025,209,8612,4,1724840,4,2689,2783,4,3,4.67989e+06,3
AceAfricanPilot,705,880254,1195,15,10919,12,2050320,5,2569,3657,11,2,1.92791e+06,3
Aceoszto,1269,1290162,1076,152,5767,2,2222160,5,3171,3668,22,5,4.87999e+06,2
AgrzenysCSU,774,757336,1696,106,8957,8,1307870,2,1359,2106,10,14,2.28318e+06,3
Aimzor-Vain,984,1232893,878,58,5494,4,1524040,3,4550,3241,0,0,5.43798e+06,2
Airshp,1496,1576947,1271,1332,47949,27,1801120,5,4775,4884,0,0,5.91841e+06,3
Akgt303,1301,1331056,1604,103,2615,6,1890810,4,2089,2898,0,0,3.77396e+06,1
Akizukicyan,1275,1270675,814,288,21772,5,1671120,3,3043,2517,19,6,4.28098e+06,3
Albundy76,1177,915200,2013,35,9336,14,1971310,3,2492,3153,67,41,2.57406e+06,2
AlekseyHom,965,1185992,3775,330,23438,3,2674980,5,3058,4624,0,0,5.46874e+06,2
AlienMonsterK,1477,1533398,3588,243,10017,6,2384020,5,5523,4593,18,4,8.19029e+06,1
AllaboyHD,1186,1389086,147,105,784,1,1653710,4,2133,4382,36,6,3.60335e+06,3
AlundraDhye,1103,1062450,891,26,5442,16,2398850,6,5421,2960,23,5,5.85607e+06,2
Amigomastergamer,1306,1514373,2479,586,12790,12,2734440,6,3456,2813,13,10,3.95611e+06,2
AnggaraBlade,901,970427,3615,104,16467,3,1734620,4,1443,2755,28,9,1.17024e+06,3
AnimalsArePeople,947,796836,1420,100,6160,2,1666130,3,2210,2479,89,25,1.79115e+06,2
Animeshnik_Sergo,985,1108384,2863,45,10846,3,1859770,4,2123,3880,43,13,2.3568e+06,2
AnvarAx,975,1014920,112,166,843,13,1604430,3,3471,3452,1,1,5.4245e+06,2
Anzai_tiyomi,1540,1668591,3147,238,14289,20,2505500,5,5031,5375,29,27,6.57259e+06,3
Aoba0302,1293,1371479,1346,17,4462,3,1655610,4,3246,3112,0,0,4.40662e+06,3
Arengeta,712,852451,1849,66,6558,2,1668610,4,3331,3346,11,6,3.91955e+06,2
Armegedon85,763,834144,2339,75,7406,18,2622750,5,3130,2841,0,0,5.10184e+06,1
Arr0wH34D,1371,1289413,2731,303,16470,5,3288420,9,5948,6563,55,18,6.14619e+06,1
AstroCrusad3r,1197,1285020,1842,237,13563,2,1547620,4,4320,4240,4,2,503830,2
AustinPD,2193,2166075,261,10,1708,325,2032600,5,1728,3007,1,0,4.64887e+06,3
AydarUA,1623,1452887,749,185,3137,4,1797460,3,2279,2506,0,2,3.79648e+06,2
Azret_Megalol,1424,1506636,2014,11,12465,4,1960350,5,3271,3170,79,52,4.55793e+06,2
B00tybanditxxl,2227,1029761,2008,0,8001,125,3304270,9,7916,4857,1,0,2.40699e+06,1
BREITSAX,1264,990288,1066,64,12933,18,1745060,1,1408,1742,12,6,1.19227e+06,2
B_TO_THE_MANE,972,865692,2266,61,8799,5,2028140,5,3902,2778,49,30,5.76677e+06,2
Ba-Ba-Bambino,1779,1173595,2132,110,4764,2,1492720,2,1528,2207,67,24,2.10695e+06,1
Bane_Swako,658,541133,306,12,772,832,1010370,2,589,2511,0,0,2.46935e+06,1
Barbadus,852,779943,1485,89,7261,7,1690000,3,1578,2739,209,84,2.38715e+06,1
Bazyliszq,892,902218,1137,152,7773,3,1450220,3,3082,2134,2,1,4.69421e+06,2
Belegsul,1283,1437640,2693,5,6603,1,1744240,5,2504,3441,7,5,4.45682e+06,2
BenderArmand,1154,1276007,2693,146,10875,8,2210450,5,3873,3807,1,0,6.62624e+06,1
BlackAngels_H,1306,1621071,338,8,1699,17,2015080,4,3132,2701,7,2,6.31627e+06,3
BlackDeparted,706,890506,1825,174,8690,5,1926540,4,2167,2676,5,2,3.75236e+06,2
Blacktearsred666,869,1092187,1952,131,3835,3,2080390,3,1946,2448,4,2,4.49242e+06,2
Blazejump,817,830607,1253,25,2754,312,1828600,4,3940,4164,3,2,5.66594e+06,3
Blissfultimes,1207,1119308,2682,203,9519,2,2068100,4,1753,2639,3,2,3.75745e+06,2
Bloons_that_Tanz,728,709156,1572,124,6803,3,1588970,3,2589,2696,7,10,3.56686e+06,1
BlueFalcon85,755,748756,1083,50,3461,2,1597230,3,2194,2629,43,22,2.56877e+06,1
BoWu_mit_Senf,1326,1743590,1245,102,9384,27,2103540,6,5353,5902,2,0,6.32599e+06,2
Bonebraker2,1320,1491048,990,201,4251,21,3148020,8,4181,2360,5,2,6.55927e+06,2
BoxingPanther,794,596015,1781,57,12832,6,1737260,2,2333,1512,36,12,1.21185e+06,2
Boyzabackintown,4323,2224093,655,66,3026,4,2175420,4,2941,2722,11,2,3.64294e+06,3
BrainECrack,1152,710403,1462,99,5395,4,1706460,2,1495,1302,106,34,822560,2
Briku1,1161,1326662,351,96,1238,3,1015460,2,2274,3609,7,6,3.98848e+06,1
Broth3r,1111,1258997,2587,216,7725,5,1924000,6,4083,5926,6,4,4.67745e+06,2
Brrryyaaan,649,903074,962,51,2450,3,1262770,3,2170,3381,1,1,3.4573e+06,2
Bulldawzer1,616,712512,3993,9,18420,9,2053680,4,3466,3415,3,0,4.89995e+06,1
BulletF365,956,1102563,2,27,58,26,1600120,3,1555,2308,3,5,3.00009e+06,2
C0ldF1re,863,973100,1063,227,7997,8,1597200,3,3148,2444,43,2,4.22123e+06,2
CCCCaesar,1507,1337295,1378,72,6252,4,1442680,3,1703,2536,5,1,2.99778e+06,3
CHUCKPATRIOT,3717,2705240,1952,118,7093,4,6659500,14,8694,6648,18,9,1.40544e+07,1
CN-AJun-Felix,856,926978,1417,207,6805,4,1434590,3,2134,2754,33,15,2.66563e+06,1
CaSh_894,790,1012476,2107,9,9274,3,1648240,3,2309,2894,0,0,2.08555e+06,2
Capulet09,1000,1152593,4518,13,18435,3,2809750,5,3042,2794,6,9,5.55578e+06,2
Cardboard_Manx,1301,1878589,2108,389,14769,14,1329650,2,1292,4079,0,0,290700,2
CeMoLi09,894,872451,970,93,4034,1,1448270,3,2728,2574,32,12,4.58778e+06,2
Ceffster777,1234,1171636,2527,153,9489,10,2001690,3,2485,1831,0,0,4.65136e+06,2
Chackallll,930,1086370,1268,182,8345,3,2141090,6,4743,5453,0,0,6.71645e+06,1
ChefExecutifDCAP,724,707203,594,101,1568,1,1582960,3,1416,2559,9,0,1.8703e+06,1
Chmeee,587,603650,1043,53,4999,4,1307520,2,1667,2356,36,14,2.17188e+06,1
ChoxieSekurai,738,890043,3363,101,12900,3,2496530,7,3212,3967,4,0,3.87926e+06,1
ChumBucketDeluxe,982,1229080,2848,46,11445,2,1752720,4,3456,4392,3,1,4.82732e+06,1
Clanck86,2157,1219586,1597,191,11246,6,3930310,10,8788,3088,8,6,2.1498e+06,2
CloudTiger88,2388,1058824,56,0,443,1,636303,25,49,24,0,0,11485,2
Cloud_n_em,1122,1311374,909,238,15203,2,1626900,4,3177,3186,1,0,5.70949e+06,3
Coconutmonkey13,1551,1673105,2138,373,11505,7,1930860,4,2682,3740,13,10,4.70582e+06,1
ColMooncheeze,693,843892,2566,33,8968,8,1836560,4,3784,5010,9,5,5.72513e+06,1
ComeTooBesiktass,1048,1015638,99,57,2394,8,1730840,3,2539,2375,10,11,2.04011e+06,2
CoolP1ggy,775,708964,3133,246,18287,5,2014650,3,1893,2077,43,22,2.40636e+06,1
CornedBeefQueef,746,741046,2156,142,12179,3,1293970,2,2333,2988,1,2,1.75279e+06,2
CosmeticOrange,687,687955,1317,6,5494,3,1581280,3,1541,2445,16,5,2.14733e+06,1
CosmicDusk,529,475609,750,21,1994,1,801514,1,1363,1961,2,0,2.62978e+06,3
CptButterCake,851,710273,1847,57,8000,6,1508940,2,1835,3405,68,22,1.37477e+06,2
Crazy_horse101th,1306,1154733,1568,238,14225,15,2471530,4,3125,2019,19,12,2.40092e+06,2
Cre4tor11,770,781367,382,127,2298,2,963043,2,1200,2209,9,7,2.25227e+06,2
Crimson_Ghost,830,1014667,1036,73,8031,14,1574860,3,2393,6123,0,0,3.65223e+06,1
Crispy_RH,1738,1701237,1406,629,6094,5,1974640,4,2685,3850,9,6,5.11339e+06,3
Crunkendrunk,1253,1163587,2037,156,5770,4,2155980,5,3975,2641,13,5,5.52566e+06,1
CycoSandwich,1043,1001709,3265,150,7868,6,1909290,4,4241,3192,28,9,6.11623e+06,2
Cypha730,1114,1014099,4393,57,12288,1,2361670,5,2536,3654,25,6,2.48744e+06,1
D1ckFromMountain,1299,1498782,575,78,2703,3,1140510,3,2126,3654,0,0,3.85493e+06,2
D3ADduck,1373,1637577,599,393,7299,35,2731240,5,4068,2214,3,8,5.79494e+06,1
DJX995,893,1034207,2043,148,19224,11,2449280,4,1694,2904,2,2,490815,1
DOGO_747,1603,1600041,129,31,849,8,332506,747,2338,3019,14,9,3.68369e+06,2
DYTV-2040553,892,777571,1624,211,6478,22,3113040,6,1176,4681,2,2,1.8331e+06,3
DZ-Charaf-43,1229,1281739,136,155,736,5,1321360,3,2301,2881,1,0,1.27909e+06,2
Dakohri,1165,1383161,6875,785,63036,13,3368110,6,4260,3392,0,0,6.43909e+06,2
Dan-Celentano,1080,930126,2573,400,16568,10,2305680,4,1643,2031,112,59,2.89356e+06,2
Darkulzz,966,1106283,2854,45,13622,7,1879640,4,2201,3763,0,0,3.8803e+06,2
Davaa420,2348,1156655,6275,24,27309,643,1800340,607,604,475,3,1,505195,2
DazpolzZ,843,764144,1745,103,4245,3,2086250,4,2881,2029,112,40,4.69916e+06,2
DeStrOyeR144,696,699952,948,16,4759,3,1303650,2,1793,2724,4,3,3.54286e+06,2
DeathByACr1t,645,858814,1283,71,5710,5,1332300,2,1792,3603,1,3,1.58294e+06,1
DefilarTheGreat,1787,1341032,2924,208,6928,8,2114190,4,2149,2733,41,22,3.47858e+06,1
DerHerrOberst,2123,1769624,2031,51,2555,1,2482280,6,4186,1856,20,3,5.4227e+06,0
DerKevin27,810,958413,2192,468,12217,9,1854640,3,2180,3211,9,2,2.50858e+06,2
DerMettwurstmann,1132,1335021,1575,201,6625,2,1451240,4,2246,3094,0,0,3.7447e+06,2
DigUrGraveNow,1204,1575470,293,46,2257,10,1811430,5,3388,5485,0,0,4.84114e+06,1
Diggo68,2854,1988299,881,148,13125,9,3384900,8,4916,2250,82,56,4.0562e+06,1
Doctor_PHNX,1456,1492296,1897,44,11772,8,2123820,5,2930,1837,16,4,3.2499e+06,2
Domantalie,1074,794952,2441,37,10579,2,2598170,7,4910,3647,29,2,4.61077e+06,2
Don-Domingo01,1015,1105703,1776,244,4689,4,1913100,4,2948,4628,82,46,3.00484e+06,2
DonDeni,714,887574,1061,0,2528,2,1556160,4,3018,4129,4,1,3.96323e+06,2
Donnie_Dump,4248,2096617,562,0,9941,3,1556180,1,615,656,11,0,874430,1
DouyuTV-Uncle3rd,1546,1702125,998,161,5437,3,1893830,5,2732,5350,45,15,3.66638e+06,3
Dr_Lickenfinga,1485,1397867,189,32,6978,646,1468330,4,4641,2927,2,0,7.05306e+06,2
Drittfugl,992,952171,1869,77,15074,7,1898460,4,3483,3067,4,1,4.26544e+06,2
Dukador,1070,818533,2025,120,10665,7,2322800,5,3459,2517,26,17,2.15409e+06,2
Dustkiller,2371,1902386,1235,147,5697,1,1927670,6,2219,3594,0,0,4.70403e+06,2
Dz-KaTaNa,1041,1086309,449,9,2034,929,1377060,3,4363,4068,7,5,5.4094e+06,2
EDDISONN,786,789315,128,9,6829,4,1841080,3,1429,1657,62,17,740305,2
ENiGMAdubz,813,829953,984,185,3342,2,1258810,2,1643,2808,40,11,1.91295e+06,2
ERoTiiCK,654,636120,2726,59,9921,3,1533880,3,1714,1938,166,47,2.564e+06,2
ESP-No4,904,1128508,8816,5,29637,3,2972460,8,2883,3545,0,0,2.08373e+06,3
EddyVercenti,872,1022615,911,82,3469,2,1586570,4,2135,3001,37,14,3.10448e+06,2
EgoBusta,1050,1310940,483,161,1745,1,1847480,6,5013,5735,3,1,6.53716e+06,1
Emzak77,847,861110,1577,223,4391,1,1801580,3,1915,2923,15,0,3.2362e+06,1
Enthilsahr,818,715532,3159,98,14445,8,1768320,3,2265,2597,82,37,2.08517e+06,2
Eradon10,1002,1000682,891,52,6801,5,1410040,3,1645,3130,0,0,3.14259e+06,2
EusKa_Z3phyR,1204,1258414,3839,18,19499,590,1849690,5,4233,4265,0,0,5.99793e+06,2
Ever3lade,1159,1162594,2765,391,13331,12,1897820,4,2971,2953,8,0,4.09324e+06,1
FAILorigin,1569,1630604,3157,103,9597,3,2636360,7,4509,3953,20,7,5.75494e+06,2
FEARush-BLiZZaRD,1096,1099969,1076,78,3430,3,1956880,3,1839,2891,23,13,4.17341e+06,2
FFI_Oneal,769,1113726,1705,278,16063,9,1717490,3,3166,3658,72,10,3.49143e+06,2
FLA_AxIoN,766,852311,1733,200,9484,7,1675170,2,3522,2562,2,0,6.2167e+06,2
Fantasy-MG,1017,656788,2128,21,7806,2,1593440,2,3064,2766,0,0,718150,2
FarewelI,844,848144,301,137,4337,3,2013820,5,2890,2840,26,12,4.95056e+06,1
Fatedxin,999,1112577,1352,90,4911,12,1449120,3,2458,2177,1,0,4.12079e+06,1
Firespawn84,731,833014,1013,101,7170,2,1280590,2,1646,2061,1,8,1.36515e+06,2
FlexerJR,949,826003,686,10,1173,4,2190920,5,4005,2696,49,19,4.04742e+06,2
Floatinify,679,739754,1848,107,10112,6,1336910,2,2191,3533,1,1,3.87344e+06,1
Flobbiefloo,751,966027,4074,76,13366,8,2482200,5,2916,2616,33,6,1.49689e+06,2
Floooweiz2,1438,1722977,56,19,225,4,1816070,5,4654,2818,0,0,7.7383e+06,2
Foxdie911,795,883351,905,135,4398,4,1620480,4,2956,4917,12,3,3.9017e+06,2
Foxxhound_87,857,718618,1636,120,7125,5,1565120,2,2075,1933,12,7,3.69888e+06,2
Frakes95,1038,1075807,5006,100,11232,5,2569140,6,3985,3058,15,6,5.65451e+06,2
FuRioN_VoXmaN,1594,1264271,405,26,1009,2,2569960,7,3838,2323,342,148,5.01617e+06,3
Fuego-Rey,998,1093377,941,354,7234,3,1629720,3,2717,3647,3,2,4.93592e+06,1
FurAndFeather,1418,1591118,2345,327,20432,10,1499560,4,1977,3101,1,0,5.64974e+06,3
GDSpink,1113,993883,851,51,2260,2,2036370,7,6060,5669,5,6,6.50127e+06,2
GERIYAROUU,872,1047422,964,1,1309,490,1278980,3,2238,4180,0,0,3.29826e+06,3
GOLDSUNN,974,1154256,395,179,2500,41,1678070,4,3813,2981,0,1,4.26635e+06,3
GROMRP,836,1022530,1315,85,6316,5,1776940,4,5043,2404,6,4,6.81972e+06,2
Garliqe,1356,1226236,786,12,3205,10,2121530,5,4302,3191,0,2,4.94049e+06,2
GeforceRx480,1257,1365263,187,117,2799,1,1279260,3,2035,2910,4,0,3.83987e+06,3
GehtAbAlder,871,899495,2197,115,14698,4,1526060,3,1397,2546,36,5,1.08438e+06,2
Geirilius,797,908022,1753,103,12324,3,1618740,3,2211,2942,12,0,4.13013e+06,2
German-Strike,1369,1119712,962,71,6383,11,2071850,4,3634,1636,2,0,5.86704e+06,2
GfA-CrackHead,645,542248,1697,857,7673,8,1939560,3,1402,1652,168,53,2.60148e+06,2
Glextor,785,1254840,2669,98,9983,9,1657480,4,4628,3785,6,0,6.47521e+06,2
GloryPlay,571,691977,2097,1,12427,44,2152060,3,2992,3107,0,0,4.97882e+06,2
Goulashn1kov,961,1115846,1141,108,5409,5,2064620,5,3512,4078,17,5,4.12088e+06,2
Gozli,515,730111,1779,67,7673,3,1599540,3,1705,2307,4,0,2.77662e+06,2
GrandMasterGuess,1136,1345102,848,95,4623,10,2525780,8,4050,5665,0,0,6.03166e+06,1
GrayskullCube,1123,1185742,1738,87,9096,3,2236960,5,1494,3143,52,21,1.36995e+06,2
Grisu0302,1129,1367928,1565,108,6899,3,2188500,6,2535,1897,3,6,526090,2
Gsundi_Aut,1430,1149983,2686,234,14563,12,3484030,8,5541,3323,77,13,4.63278e+06,2
Gunridden,641,651956,1308,52,4795,4,1575260,3,2825,2822,2,0,3.03767e+06,1
Gwar04,1189,1109770,1624,259,5926,3,1941130,4,1937,2385,16,2,3.85536e+06,2
H445E,1401,1694408,677,134,6220,14,1676020,4,3371,2714,0,0,5.4355e+06,2
H4i-Fish,1552,1411502,3243,226,21641,26,3216450,6,5330,4758,0,0,8.21594e+06,2
HAMMER_H2_SUT,1089,1101794,2935,952,15591,52,2875770,4,2955,2211,4,2,5.50841e+06,3
HGS18_Flash,1336,1651853,1572,252,12188,6,2427300,6,3515,3370,11,1,5.59464e+06,2
HImeNaa,1351,1606827,3301,1115,21954,10,2508100,6,1771,2158,15,9,1.61598e+06,3
HUDISH1923,482,440373,267,80,1840,1,1324860,2,1545,2069,9,0,2.86235e+06,2
Halenio,979,966007,1599,794,9156,16,2656220,5,3150,1393,2,0,6.28083e+06,1
HardMacK,999,945591,1815,279,6109,10,2016670,3,2057,3219,22,6,2.923e+06,1
HearMeR0aR,1034,1508842,11425,19,27178,829,2410550,5,6082,5792,0,0,8.18822e+06,2
HeiligeHeinrich,885,1103198,2826,173,10856,5,1749840,3,2423,3094,29,21,4.22675e+06,2
Hoowuth,850,851558,3157,251,13276,3,2282600,5,2916,2616,12,3,3.22654e+06,2
HsTJeges,709,859145,717,72,2770,3,1973910,5,2932,3144,115,30,318670,2
HugeAssman,1235,1513853,3067,130,9909,8,2241970,5,3796,3598,21,9,6.33886e+06,2
HumpelHelge,704,820382,2426,95,5392,5,2397750,5,3438,2175,10,2,5.44391e+06,2
I-MazoR-I,967,957657,707,424,2942,7,1741100,5,3020,4160,0,0,4.24839e+06,1
IIpOII,975,1116714,1741,132,11024,5,1929360,5,2856,3381,2,1,3.61474e+06,2
IIxShahinxII,1006,763494,240,17,1408,146,1581050,2,1312,1758,240,49,1.91741e+06,2
IMrMaestroX,435,557866,873,20,1493,1,994843,2,1553,3025,1,0,57855,2
IPhysiXI,525,659679,2004,68,7373,6,1985780,4,2248,3234,2,1,1.94942e+06,2
IRazer1990,1062,1155144,1871,151,4019,4,1576260,3,1973,2699,16,12,1.2028e+06,2
I_VIRUSVETER_I,2000,2281968,276,25,1534,7,2689120,10,6053,6409,0,0,7.24822e+06,2
Icarus8800,1299,1313705,1568,64,8180,3,1785260,4,1707,2628,7,1,3.56427e+06,3
Igenx,1219,1367112,737,298,2728,3,1513040,4,3558,2735,7,2,5.66693e+06,2
IllNoiselessllI,609,844727,1359,130,4215,2,1313230,3,2412,3340,6,3,2.36247e+06,2
IneedSmokeWeed,1114,1443476,1771,5,10120,6,2057100,4,1867,4187,2,1,2.24688e+06,2
Intrusionist7,773,491995,2407,65,7070,2,1768820,3,3103,2296,31,9,2.49444e+06,2
JMDcpn,2107,1981773,3185,94,16374,8,2300470,5,2844,2441,2,3,6.07475e+06,3
Jager-ll,852,878339,2640,212,20802,7,2420210,4,2162,3572,12,4,4.35636e+06,3
JakkoTheShadows,1322,1300372,6700,302,10906,1,1970680,3,1853,2742,14,1,3.55374e+06,1
JcpPlay6962,1769,1461254,213,26,1308,10,2243290,5,3468,1743,6,1,4.29074e+06,2
JontzuH,666,899392,203,35,3464,809,1919620,5,2535,3264,31,5,532720,2
Joseph450,581,624744,370,0,612,91,1354720,3,1889,2869,17,3,437815,1
JpK_Elsass_Frei,858,839224,3656,290,23183,9,2391860,4,1468,2272,88,28,925320,2
Juliet_Alpha1219,1739,1805232,1777,198,12629,13,2613520,7,4018,2762,0,0,6.56043e+06,3
JustinX_ONZ,1806,1617455,1584,203,16835,10,1931840,4,3051,3313,6,2,5.01099e+06,3
K17703R,1308,555921,3612,56,14543,3,915223,282,203,296,7,0,301920,1
KL59_Dragon,1094,1226195,1381,78,14669,25,2072500,5,3410,3835,0,0,4.76252e+06,3
KOR_IlIllI,841,725813,776,54,4333,768,752147,1,567,888,0,0,1.76946e+06,3
KUMA_SIX,1715,1771602,1232,351,5382,13,1869690,5,1744,2675,10,0,3.03461e+06,3
Kardinal_Judas,1620,1263079,418,83,9486,13,2523820,5,3915,3840,5,7,3.7712e+06,2
KermitRegeltDas,738,880296,5628,31,25533,872,2180680,3,1666,2498,11,2,664625,2
Kesselmeister666,810,673751,1946,64,11587,6,1783720,4,3100,2085,28,13,4.17997e+06,2
Killerkuh93,1033,1049633,2449,121,7125,3,1766430,3,1709,2770,57,59,1.40996e+06,2
KimJongAffe,748,660657,3338,81,21903,5,2191780,4,2512,2753,61,26,2.01476e+06,2
Kim_Gong_Oooo,1697,1707130,5555,1497,31195,7,2932230,5,3986,2965,0,3,5.92583e+06,1
KittenPanda26,1012,1289950,1146,236,5366,2,4048050,10,6420,7621,13,0,720530,1
KoNsuL97,758,854359,1901,45,8324,2,1632340,4,3951,3918,82,27,5.92026e+06,2
KoerneX,874,1045659,1896,173,10874,3,1990460,4,2096,2760,0,1,3.63599e+06,2
Kree9,848,842365,807,149,3730,1,1446860,3,2207,2636,27,9,3.57031e+06,2
KretsMVT,1159,1053334,1115,134,5336,2,2359460,5,3948,2439,20,2,5.24637e+06,2
KronosOrphi,1197,1113422,2622,320,10656,4,2268950,4,1107,2312,386,160,1.01837e+06,1
Kroxa-Kartoxa,673,776907,321,62,1255,587,1293580,2,1404,3766,8,3,1.03867e+06,2
KrugerHU,1608,1221704,275,127,4549,6,1517600,3,2242,2907,72,34,1.54304e+06,2
Kryp7on,965,894032,1057,81,5698,5,1269070,2,1039,1615,0,0,678678,2
LANlAKEA,1044,908974,3721,100,8813,4,2160540,4,2200,2704,3,1,3.87747e+06,2
Lacanzinho,799,705641,2468,81,10824,11,2018630,3,1246,1684,11,0,1.4831e+06,1
LeeSecretary,1382,1518394,1900,87,4177,3,1872040,4,1603,3662,0,0,2.96187e+06,3
Leerox66,1145,1063449,1069,95,4447,2,1495460,4,2461,3743,2,0,2.23684e+06,2
Losa06,1402,1122860,846,79,9158,56,2835630,6,4102,4379,19,2,2.47392e+06,3
Ltzefir,968,1030692,1130,95,6396,8,1749980,4,2971,3077,8,4,2.49097e+06,2
LuckyLuukee1,1164,1077092,1336,100,12108,6,2347600,5,1599,1958,333,97,1.51883e+06,2
Luis_DarkX,887,892588,457,0,3185,1,1759080,3,1975,3941,17,1,3.7069e+06,1
Lyf1n,1138,1064893,5111,357,17918,12,2111450,4,2230,3397,147,74,3.81553e+06,2
MOHCOBRA,1301,1572392,767,308,8431,17,2768420,6,4424,2662,12,9,6.40021e+06,2
MSAEooooaaa,799,960145,1388,188,3183,2,1695340,4,2950,2538,10,3,4.65184e+06,1
MaJeeD_a7,1466,1065278,1017,36,4483,2,2004880,4,2080,2377,209,48,2.37197e+06,2
MadGott,819,736819,3352,153,20342,6,1717690,3,2842,1824,37,4,3.7345e+06,2
MadV1per79,1233,907687,1001,122,3273,8,1767840,3,1850,1929,22,12,3.27952e+06,2
Mad_Karel,1490,1023636,472,50,5451,2,1274960,2,1319,1546,19,3,1.40419e+06,2
Majorachre,848,931997,6240,48,28256,8,1910600,4,4405,2366,0,0,6.23264e+06,1
Malternativ,751,805756,3153,262,13536,6,1961660,3,2566,2941,51,22,1.43818e+06,2
Markuss212,914,980113,4776,18,21252,9,3108290,6,2636,2714,19,6,4.05076e+06,2
Marselos5,914,632413,555,54,1870,2,1038940,1,1233,1230,0,0,1.81288e+06,2
Marshall_Pirs,1145,1128116,3290,834,18390,5,2790270,5,4106,3734,15,0,7.11998e+06,2
Masamune_1630,1018,911589,1242,180,9468,25,2575100,6,4497,2072,0,0,6.99195e+06,3
Mastico8,1217,1242432,390,29,10185,1,1945100,4,4126,1712,32,15,5.12864e+06,2
Mat-Mechanicus,1299,922237,1982,129,9874,5,1692210,3,1898,2662,64,31,1.33125e+06,2
MaticDelak,1009,1145334,2178,70,14055,3,1690880,3,4489,2675,16,4,5.98085e+06,2
Matsuptsu,508,535204,1618,76,6078,5,1346790,2,1694,2559,36,4,2.95167e+06,2
Max6091,722,853093,2448,171,12075,9,1973410,4,2134,4439,17,9,2.44535e+06,1
MaxP_222,901,774617,3941,45,13497,3,1963820,4,3272,2705,41,11,2.65545e+06,2
May_OneByOne,1167,986774,460,65,4471,9,1179240,2,805,1984,0,0,2.64452e+06,3
Mazzi555,1342,1320844,1968,235,10935,14,2455170,5,4611,2968,1,0,5.5835e+06,2
McNashy,945,944509,1911,343,9869,8,1822290,3,2495,3298,2,6,3.93559e+06,2
MeGustaaa,953,1024655,1356,4,10044,2,1786340,3,2636,4857,0,0,4.62862e+06,0
MeatCream,1017,772219,4399,302,28970,5,3281070,5,180,418,434,254,821580,2
Meista_Eda02,712,869734,1910,96,9069,4,2141450,4,2783,2682,6,5,5.00866e+06,2
Meleven84,880,931210,2327,85,7773,4,1467870,3,2560,3261,1,7,4.20377e+06,2
Member13,865,942096,2324,406,10401,11,2339440,5,2219,3021,22,8,2.67624e+06,2
Mitque,1119,932883,2029,53,4671,2,1862540,3,1970,3373,85,28,1.53976e+06,2
MoJoPokeyBlue,2404,1361139,1,1,0,11,3116740,7,8644,5529,8,0,2.70564e+06,1
MrBIock,685,715772,2602,57,5033,2,1813010,3,3170,1979,12,3,3.53949e+06,2
MrBoomBaam,720,630922,1242,194,8650,4,1304540,2,1649,2948,35,18,744505,2
MrGanja4u2,1758,1860949,2124,9,11380,5,2315120,6,4415,3452,0,0,6.47411e+06,2
Mr_Humiliation,1483,1080827,327,0,758,494,1221400,1,729,1203,108,46,620630,2
MsDanio2000,1504,1710736,27,19,191,5,1341220,4,1826,4357,0,0,4.07176e+06,2
Mustafa_Alnoori,1370,1639725,1399,381,9268,3,1894820,4,2216,3952,6,4,3.67552e+06,2
MyLittlePony665,1249,1111133,2389,186,12710,20,2844190,6,4666,2359,60,23,3.26428e+06,2
Mythicalix,998,884079,1759,52,7696,7,1978100,4,2742,2576,3,3,4.16578e+06,2
NEVSLAVE,901,1019065,3410,1450,13605,6,1943070,3,1604,3272,1,0,3.82906e+06,1
Nen1x,571,743753,883,76,3181,6,1496910,3,3292,3313,1,2,4.66869e+06,2
Neviathon,1662,1613135,6149,247,27460,8,3532420,7,3764,2583,35,7,3.48197e+06,2
Newfie_Bys,1267,1294385,2492,52,9724,8,2389130,5,2916,2734,38,13,4.38449e+06,2
NinjaKrieger,863,1290161,148,46,2749,3,1416980,3,1873,3231,0,0,4.39823e+06,0
Ninthseason,1280,1468073,1414,547,7808,4,2097620,7,5550,3818,2,0,6.48307e+06,3
Njaziqu,810,626868,1184,47,11314,3,2578780,5,731,1308,831,119,1.04041e+06,2
Njkjta,1156,1008599,1959,8,10161,5,2487800,5,3250,2726,13,3,5.18443e+06,0
No2CubsFan,664,778095,3993,132,13197,3,1866490,3,3050,4255,20,5,2.48597e+06,1
Noob_Pwnisher,948,931473,1808,84,6503,2,1332180,2,1232,1975,13,4,2.97988e+06,1
Oferikola,840,898771,1761,137,8384,12,2108160,4,2652,2854,0,0,3.7484e+06,2
Onesheart,1182,1394719,1107,145,8249,4,1946820,7,4393,4476,18,6,5.17866e+06,3
Osyo_Masll,1303,1290265,1119,594,8489,9,2321600,6,2796,2902,15,1,4.99645e+06,3
Ownin_Wilson,1059,1403222,74,5,437,8,2217510,6,3558,5875,66,13,4.72212e+06,1
PCWonjin,1057,1113812,3073,2159,14212,12,1102870,2,1683,2694,3,8,3.84263e+06,3
PH4aco,1491,1292006,3660,681,14039,10,2406980,4,2911,4151,277,82,3.73059e+06,2
PISCOLAZO,1736,1624178,4898,388,26624,2,2757820,6,4813,2838,75,37,5.44511e+06,3
POTUSDonaldTrump,831,931928,1728,146,7430,5,1734740,4,2679,2902,7,3,3.37881e+06,1
Pain7373,1121,1233591,1980,71,5711,5,2947720,7,6440,4259,7,2,1.096e+07,2
Pandomonix,817,889845,1669,31,6055,4,1552920,3,1341,2378,9,5,1.61566e+06,2
PaulVersLe02,542,735871,4644,111,28845,9,2068400,4,1470,2833,2,1,172780,2
Peliagudo,1247,1183180,1532,46,10892,2,1767940,4,3561,2672,13,5,4.79285e+06,2
PennyDaClown,1016,1017175,1893,248,7704,18,2507120,4,2085,4300,3,0,2.92671e+06,2
Perlador,1020,1295460,1444,609,5836,3,1635280,3,1770,2504,14,3,1.04057e+06,2
PetarDK,932,1040119,2174,134,8140,2,1956760,4,3005,3333,0,0,3.36771e+06,2
Phrozen99,1070,994530,1351,711,5490,1,2502730,6,2589,3330,613,158,5.43193e+06,1
Picnamara,854,902438,2179,53,11067,15,1850490,3,2335,3221,98,19,3.33577e+06,2
PleasePressQ,839,770592,842,67,3159,11,1969720,4,3377,2373,1,1,4.95101e+06,2
PogS,1509,1008963,3636,167,19896,15,2200000,2,2351,1752,37,20,1.33697e+06,2
PonySlaveStation,2481,1989280,1876,5,11051,6,2003720,4,1982,4627,73,21,401780,2
ProdigalScum,967,1205166,862,119,8983,8,1698250,3,2343,3831,1,0,4.49435e+06,1
Proust77,1159,1301042,2093,63,23739,4,2940890,9,7802,1568,18,4,9.31795e+06,2
Proxxon,1009,965538,782,39,7110,5,1643050,3,2597,2429,5,0,3.47025e+06,2
Pumper777_NavX,1226,1043476,4712,125,23991,7,2385640,4,2241,2002,50,16,3.39674e+06,2
QAQ_HUAJI,2217,2022972,686,318,12202,10,1976180,4,2628,2271,7,2,4.96993e+06,3
Qbarsky,683,726344,2413,39,16431,6,1917010,3,2307,2596,52,14,1.80954e+06,2
R3FraXion,734,828850,1295,78,4499,3,1345400,3,1603,3391,49,28,359820,2
R3dNano,881,957140,3372,138,12001,7,2329330,4,1873,2380,46,27,1.28965e+06,2
ROB60GREGG,671,807807,8176,12,57658,632,3079540,6,5147,1950,0,0,8.09005e+06,1
RainLSY,658,673744,1565,54,3308,3,1452450,2,2693,2434,6,0,4.47011e+06,1
Raksasa4919,1040,850742,944,79,1076,3,1312550,2,1748,2293,26,13,2.85828e+06,3
Rambinho_VFS,2273,2372836,1671,119,1766,5,2035280,5,3937,2028,0,0,6.75633e+06,2
Raptodox,667,880238,3107,200,21158,8,3109200,6,2859,2545,3,1,1.88851e+06,2
Rath6699,989,1212204,6944,1308,19975,1,2582750,5,4984,1621,4,0,6.13127e+06,3
Razborov,1079,1141979,399,63,7330,4,1710560,4,2927,3067,6,1,4.13711e+06,2
RedElefant,2055,1032303,2826,21,9705,8,3032590,6,4454,5117,7,3,2.91871e+06,2
RemixX911,1423,967575,861,75,7198,1,1360160,2,1505,1539,125,22,2.18812e+06,2
RespawnDevice,1287,592944,1054,1424,8536,4,1305150,2,1438,2619,17,4,163675,2
RestedMike,507,838096,2746,233,16277,19,2719700,5,2785,2845,0,0,3.72644e+06,2
RetroVeda,760,1238739,2756,201,11709,20,2491870,4,3436,2913,10,5,543538,2
RiPLeY78,1438,1332849,2232,50,7266,5,2008280,5,4725,3370,0,0,6.83436e+06,2
Rika_TV,1122,819425,452,95,938,509,1205730,3,2615,3122,94,21,3.98951e+06,2
RisottoGroupon,935,1081269,1206,169,7643,4,2591740,8,3108,3268,0,0,4.98042e+06,2
RoronoaZoro9527,960,1361562,1157,58,9146,6,2662080,10,6244,4197,2,0,5.93888e+06,3
RoteFahne,1199,1089791,534,160,7842,7,1765310,3,2039,2351,61,35,1.68414e+06,2
Rygormortis1991,1579,1618757,4871,51,12261,98,2521220,6,1194,1949,0,0,3.19542e+06,2
SCHAKE-IT,1327,1038261,176,439,1059,16,1833220,4,1918,3850,10,3,3.78281e+06,2
S_Katchinsky,952,1152264,746,274,5218,3,1954790,5,2227,2801,20,7,2.54075e+06,2
Sabretooth111,1132,1529385,1238,88,9220,20,1999980,4,1964,2842,32,15,1.50625e+06,3
Sakai_268,1670,1021562,1370,140,13880,15,2225300,5,2775,2452,25,6,3.76368e+06,2
SamianoItaliano,1123,1145793,3196,71,15202,8,2350180,5,2722,3862,33,6,3.20109e+06,2
Sapat0las,1030,941081,1086,79,7016,11,1826720,3,2064,2258,9,2,3.88375e+06,2
ScottyDooZA,943,956991,1454,78,3448,3,1368340,2,2574,3888,63,29,3.63416e+06,3
Sealiin,939,1191199,118,140,95648,44,2068800,5,3118,5876,0,0,4.21905e+06,2
Sen1on,954,540979,1201,56,3862,3,1113540,1,1946,2598,17,2,2.51763e+06,2
SgtColdNipples,598,646952,934,84,3399,1,951800,1,1006,1576,4,0,2.79538e+06,1
Shino_kiss,772,1022070,413,715,1490,589,1600320,4,3067,2464,0,0,4.97044e+06,3
Slevin2k11,990,841175,1922,16,8882,1,2076960,5,2644,3618,1,0,3.46638e+06,2
SoLuminous,764,850978,380,58,4269,3,1177290,2,1706,2359,3,0,620152,2
Solid62,670,914783,4936,0,18085,381,2603930,6,3555,3161,1,0,5.05756e+06,2
SomeKind1,797,1980858,331,67,661,1,1903980,5,4048,5216,0,0,6.53655e+06,2
SquersPL,2016,715446,1033,59,5181,3,1756440,4,1753,2422,36,21,1.59142e+06,2
StS_Schoko,726,1034681,2902,107,13083,9,3457260,7,6072,4525,48,26,1.90732e+06,2
Steamleopard,865,1421463,291,59,7669,8,2189940,5,3064,2458,5,15,3.06219e+06,3
Stephe26,1689,990740,1960,678,10106,12,2169050,5,4663,3749,8,4,6.59551e+06,2
Str4nGe85,1671,1191695,7054,168,27953,2,3237190,7,3622,3677,5,10,953220,2
Suekat3,862,1554141,406,52,2305,17,1690840,4,2496,2618,41,9,4.76843e+06,3
SunNEVEC,829,1735967,1986,49,9720,3,2078360,5,2903,2382,29,13,4.24566e+06,3
SupreM-Impro,1717,1809321,795,10,6555,5,2045160,5,2037,3880,4,3,2.76365e+06,2
Surditas,1757,527848,2045,595,5358,4,1656310,3,1960,1844,12,3,943488,2
Suzuki_in,1329,1823231,1521,1004,18606,14,1973120,5,4090,6261,5,0,5.82522e+06,3
SweatyEggins,514,705201,2106,64,5123,1,1764240,3,2146,3395,20,3,2.21746e+06,2
Swikko,1647,827834,2165,67,8469,3,1775500,3,2117,1836,82,25,3.6056e+06,2
T9-Camouflage6,620,1370430,2587,657,21269,12,2266160,7,4250,3552,4,0,4.50606e+06,3
TChewyT,909,1388223,1570,152,8781,12,2350400,7,4880,8385,0,0,5.40711e+06,1
TX_Wrangler,1397,1040744,3143,982,9336,2,3393000,6,3235,2526,152,114,2.16523e+06,1
Tabledevil,1143,913873,2678,394,12256,6,3004880,7,4959,4031,30,7,2.92068e+06,2
Taboomofo,1624,650965,1905,63,5230,3,1471760,2,2605,3397,24,4,4.65936e+06,1
TapisDeDouche,1413,717287,550,23,3827,30,1683260,3,3424,2017,0,0,5.37854e+06,2
Teh_8u7ch3r,725,794359,2750,218,8891,652,2086160,5,3126,2013,3,1,4.79783e+06,2
Terra_Havok,616,1276406,440,0,2113,1,375809,11,5,2,1,0,2930,1
ThaHoodWatcher,658,922780,2126,59,9488,7,2342940,4,3123,2145,12,3,5.5741e+06,2
That_Fallen_One,2616,1045773,992,114,7299,7,1462010,3,1564,2148,1,6,927870,2
The-KILLER-4r77u,933,1145263,1088,173,13989,5,2054640,4,2716,3034,6,5,4.90203e+06,2
TheBrainBlack,788,623107,720,95,5556,9,1701520,3,1629,1285,3,0,2.63448e+06,2
TheHarzer,801,1327187,1905,56,15833,4,3447780,10,6756,2507,15,4,1.05737e+07,2
TheRealGeralt,485,1131971,5716,23,14021,1,3366910,9,8401,3388,3,2,1.78366e+06,2
TheSpadesOfAce,1060,1110818,389,123,11766,15,2179330,4,2090,5339,56,27,3.1916e+06,1
The_Assassin_SY,2022,504004,1088,38,9136,5,1104460,2,2584,2236,2,1,1.1461e+06,2
The_Ostap_Bender,957,1157316,2246,57,9261,2,2132770,6,3448,3389,0,0,3.98304e+06,2
ThomasPlunkett,473,1467307,137,83,1132,1,1790960,4,1274,2322,19,14,1.16887e+06,2
TipsFedorov,1092,1002712,746,93,6109,5,1428670,2,1200,2604,85,40,1.69976e+06,2
ToX1C_0,1909,1208011,2184,290,10671,5,2814060,6,3954,2662,11,6,3.05196e+06,2
ToZiFaN80,1426,2264955,193,10,1884,5,1754460,5,2430,5194,0,0,3.68839e+06,2
Todde1,1518,1914655,962,197,15610,10,3079580,6,4222,3033,45,7,4.83296e+06,2
Tom17271,1765,2337931,613,55,8558,4,2293470,6,1772,2906,0,0,4.26339e+06,0
TomL7777,1973,850570,2767,50,9246,1,2162340,4,2381,2905,146,72,2.65721e+06,2
TomoTo86,2122,1289041,325,57,5125,2,1542890,3,1647,2492,13,7,3.28936e+06,2
TormentsNitely,825,841412,1988,50,6729,2,1364460,2,2564,3009,4,0,4.51022e+06,1
TorturerOfSouls,1191,866326,39,0,207,72,1206000,3,1279,3217,7,2,2.08899e+06,1
Tr3atbomb,800,528287,1135,95,4114,4,1189100,2,1892,2389,2,0,1.12635e+06,2
Triax-FIN,836,1624581,429,310,5364,22,2303560,5,2134,3473,4,3,4.20717e+06,2
TrollDirector,542,910462,493,219,6238,4,1691410,3,4525,3175,123,39,3.65001e+06,2
Trooper1988,1075,867099,758,96,6103,11,2268060,5,2848,2873,4,6,3.18005e+06,2
TrumpLeFuhrer,1224,989413,986,0,4076,6,1763370,4,1307,2402,0,0,3.06338e+06,2
TuboOsan,924,1668259,3678,1122,13338,10,1775450,4,3073,4048,0,0,5.67733e+06,3
Tufiga,892,1011368,895,84,3285,6,1605410,2,1533,2430,6,1,696200,2
TulioBCunha,1877,1851305,501,110,3936,7,2734930,8,3324,7748,40,20,5.50449e+06,1
TunczykGW,1296,1053406,1389,298,7654,9,2154550,5,1590,3173,32,8,780975,2
Twitch-Pw3ak,1663,1168706,680,0,2091,320,2725750,8,10424,5222,3,2,3.04528e+06,2
TwoBigMelons,935,930270,804,134,3967,1,1411960,3,2583,3477,35,4,3.10617e+06,1
TyRn90,2170,1502262,2509,2722,20903,12,2594720,4,1292,2427,37,25,1.37814e+06,2
UKnowMaName,1090,802911,1343,85,13210,4,1774910,2,1651,2845,27,10,1.51674e+06,2
ULTIMATE_BG,2206,1183302,1207,54,9082,5,2074850,5,3616,3497,70,21,4.28905e+06,2
Uduse,826,1341053,1035,1677,4414,648,1767050,4,2115,3943,9,14,1.10251e+06,1
Ultragamer-DBTC,1293,2040764,1423,106,23120,17,3014960,7,6076,2434,11,1,7.29158e+06,2
Umar3x,1049,897569,2340,118,11959,5,1722540,3,1918,3809,10,1,1.63143e+06,2
Unyu-Unu,2061,854024,883,25,4192,713,1827020,4,1949,2996,9,2,1.61463e+06,3
V1nznt,787,1033855,2180,51,9227,4,2312780,4,3846,3261,1,0,3.55999e+06,2
V3nom462,934,1065011,2576,128,18388,3,1698970,4,1227,2545,0,0,1.19287e+06,2
VORTEX900K,1159,803163,651,0,2415,2,1419020,3,2378,3129,12,6,3.67344e+06,2
VV-mmao,956,847118,2100,696,10047,12,1682640,3,2221,1918,2,1,2.05501e+06,1
Vaitey,740,1010010,1078,1169,7781,6,1734680,3,1452,3140,8,9,2.37453e+06,2
Vandretti,780,1220554,1572,108,10590,4,2385090,5,3279,2772,10,3,4.4949e+06,2
Vanghast,1055,1264583,1557,257,15446,647,2518150,8,5129,4026,15,10,6.8441e+06,1
Vasily_Sniper,1038,1240285,185,0,768,199,1556850,4,2253,2982,24,7,3.84718e+06,2
Vdaddy17,1204,1016125,297,219,3274,2,1535570,3,1287,1959,67,14,825190,1
VeNiiQz,1195,797889,884,0,8689,3,1315880,3,1890,1687,0,0,197095,2
Vectorupst,1155,1254009,1754,48,13894,12,2622330,7,4420,4049,19,4,5.6209e+06,3
Viren,555,703932,2543,402,15639,5,2884250,7,3512,2645,0,0,5.51352e+06,1
VitoARG,1055,1346345,941,99,7925,7,1680920,3,1928,2509,152,66,2.46473e+06,2
Vitya_Maliy,616,1574715,431,60,17006,8,1804720,4,1151,2103,0,1,932655,2
VoodooxChild,1615,1175085,967,95,4479,4,2063960,5,2526,3095,13,7,4.73918e+06,1
Wenano,1434,1174884,997,287,4558,6,1717620,3,2917,2573,0,0,5.05085e+06,1
Wotschfuscht,1147,790601,284,60,4353,654,1740990,4,2818,2837,0,1,5.44207e+06,2
XXfothsXX,1079,882670,2367,63,13607,9,1520540,2,2446,2606,3,0,4.11647e+06,2
XerroXDX,1122,974039,1718,36,12491,10,1891870,3,2909,3248,10,7,4.85384e+06,2
XtrMPlayer74,823,1009709,943,11,10115,1,2762280,6,3792,2221,96,52,6.81005e+06,2
XxXASONXxX,696,607913,1498,36,8830,3,1533660,3,2440,2805,5,4,4.52686e+06,2
YOMajorMaxx,993,1599064,1788,65,14098,10,2140140,5,4722,3135,6,3,6.77734e+06,1
Ymir96,991,1181000,2651,107,14215,4,1788900,3,2614,3114,17,7,3.55611e+06,2
Yuler00,1186,777023,2086,234,11169,9,1629160,3,2536,2817,14,3,2.4148e+06,1
ZHPLANavy,584,1663927,2227,3134,12444,27,2476640,4,2452,3655,0,0,5.8381e+06,3
Zarendal,1823,1164171,352,93,3317,7,2142420,5,4946,3346,3,0,5.3363e+06,2
Zekilly,583,933403,1536,142,6182,4,1367380,3,2382,2728,9,0,3.94091e+06,2
ZenerrY,1322,1165810,2456,73,8963,4,2040210,3,1945,2021,34,35,2.53055e+06,2
ZeroEdge074,642,1394566,781,72,4311,15,1944960,4,1430,1963,0,0,3.8417e+06,2
Ziegenschmuggler,1673,611370,2807,125,7632,10,1665540,3,2370,2243,8,0,3.71047e+06,2
ZombicideBrah,954,1044258,3758,141,24122,26,2679560,4,2541,2264,1,0,4.36301e+06,1
ZouSenpai,1203,756451,1737,95,4205,8,1337640,2,1965,3549,8,5,1.44912e+06,3
Zuddybear,1048,1288977,2117,23,8493,2,1827560,4,1688,3405,6,1,3.40984e+06,2
ZyraXionoX,1478,979472,3024,97,21728,2,1986780,5,4904,2932,14,6,7.39531e+06,2
_ACE_Albert_Ball,1219,1564369,730,158,4378,6,1843220,4,1662,2591,0,0,2.60201e+06,1
aFFer87,1206,1144065,4169,28,30365,112,3097160,6,1505,1682,6,5,1.80543e+06,2
airhan11,1101,976965,1306,62,4333,4,2051850,5,3179,2370,0,0,5.88337e+06,2
alejdfgh,723,1457815,834,77,4450,6,1306310,2,2390,3367,0,0,4.35273e+06,1
allreadydead79,1768,1086099,4731,57,28637,9,2141430,4,3452,2785,32,26,4.02475e+06,2
alsars,1292,1600277,1297,678,8318,10,2713680,6,2739,4230,0,0,5.66384e+06,3
amenownzz,726,1037359,1494,320,9755,6,1609900,3,1686,3247,82,37,1.76689e+06,2
andymitchell9999,1348,1192168,1820,53,17825,6,2305800,5,2337,3676,1,0,5.03792e+06,2
appina,1348,709889,1781,5,4811,3,1296750,2,1849,3185,0,0,3.04461e+06,2
ashishbuzz,930,1852914,386,71,1990,3,1648780,5,6771,3987,1,0,1.06002e+07,3
benya941213,1256,1533662,1271,87,3645,4,2000490,5,3372,4132,9,3,3.38468e+06,2
bigbandm,1034,806099,2347,349,9746,7,1583940,3,1445,3493,27,15,1.12004e+06,1
billybagsnatcher,1417,1022737,1741,136,6475,9,2078020,4,3401,3452,1,1,6.43216e+06,3
blase05,874,1113817,1331,88,6126,1,2525120,6,4808,4057,6,5,2.0348e+06,2
blizzardxxx,1111,1019329,1729,140,9217,4,1855820,3,3979,2453,60,16,4.73949e+06,2
bobblers,802,1037619,1879,89,15577,16,1873920,3,1615,2407,0,0,2.28537e+06,2
browser80,1354,1049600,3978,0,25191,32,1411760,1,2314,1392,3,2,3.31422e+06,2
bu88ah,1458,956010,1038,224,10122,15,2209660,6,3188,3625,2,0,4.66543e+06,2
bunubis,710,1049482,8192,125,37340,4,2710290,6,3294,3470,0,1,4.42675e+06,3
camscotland,999,1507499,566,243,776,9,1914640,3,4585,2667,41,16,1.5984e+06,2
claudiudiuacl,1943,1779282,639,129,2064,4,1517980,5,3316,4772,0,0,5.05961e+06,2
cwebstah,2143,358415,10,0,92,88,661599,1,934,3280,69,11,2.72786e+06,1
dacluckinbell,717,939070,2006,37,6634,6,1690600,3,2647,2942,19,11,2.88249e+06,2
dageshii,951,1472660,379,178,2371,3,1924930,4,2707,2414,0,0,4.90627e+06,2
dell-danfen,795,1436741,825,890,2237,7,1278480,3,1401,4850,0,0,2.39301e+06,3
diablosly,1744,1158544,2173,169,11271,6,1732820,3,4312,2812,24,6,4.95835e+06,2
dkm4545,817,1159654,775,11,1100,3,2613950,7,8036,3691,0,0,1.66408e+06,2
dms_ducky,959,1016786,2064,108,13859,9,1994730,4,4090,3303,29,19,5.73991e+06,2
dsadadwdg,1741,879976,30,4,432,2,1220340,3,2766,3253,2,0,3.20131e+06,3
duzongming,2202,2265275,3118,326,13320,10,2521740,6,3060,2472,11,3,5.1178e+06,1
eLogic-Soulimano,1943,1416981,1673,82,4671,1,2626120,7,7321,5358,57,12,2.1953e+06,2
edibleshrapnel,1567,941215,627,64,2183,7,1708870,5,4044,3895,68,18,1.72644e+06,1
electrohack,365,1527207,659,78,2636,1,1983840,5,3003,2841,47,14,5.21582e+06,2
elikhgg,820,685409,2320,193,12595,4,1396130,2,1529,1844,15,6,571955,2
evilfire69,1640,858147,2538,245,11990,8,1900820,3,2596,2168,38,13,3.79007e+06,2
exogeNNN,1234,899600,4275,83,17971,29,2233420,6,4128,5229,0,0,4.25006e+06,1
forestDK3,1229,1562953,2224,811,6931,3,2219540,6,4394,3813,103,39,3.69487e+06,2
fpoa347,1620,935872,911,352,3439,9,2160510,4,2459,1836,0,4,5.15952e+06,1
framaninou,1118,889012,813,56,2142,2,1365510,3,1026,4395,0,0,2.54331e+06,2
freeze10935,888,1204962,44,61,280,1,1294580,2,986,2091,1,0,771665,2
gDOTorg,2419,705952,522,77,2527,2,1496980,3,1642,2768,21,4,2.34763e+06,2
gen-hobart,2685,1848643,2306,55,7467,6,2853880,7,4114,4208,1,0,6.80718e+06,2
general_tictac,911,844311,2689,66,3094,10,1472380,3,1649,2709,8,1,423320,2
generalapotheker,1515,1322040,7432,121,41014,4,3026140,6,1571,1712,2,2,1.05725e+06,2
ggtryagain,602,1108247,814,561,5119,6,898419,1,1174,4385,6,4,4.02689e+06,3
gordo0201,1063,1314823,1540,883,6414,2,1746120,3,1252,2845,42,23,2.81342e+06,1
halinfinity,718,2353021,271,0,4257,48,2102380,43,108,95,0,0,99330,2
hayder-waleed1,1931,1239936,622,10,2665,3,1544950,3,1564,2968,1,2,3.54527e+06,1
hesihui1004,873,953054,805,97,7766,11,1479420,3,1031,2529,4,0,3.54251e+06,3
k0lbus,799,838736,2435,45,8703,3,2218020,5,3005,4227,18,7,3.37638e+06,2
kryszerowski,1131,941443,566,8,2662,35,2151800,4,3459,3335,2,0,5.59638e+06,2
ktbk104,745,1329224,3260,208,13169,9,1741610,3,3778,2431,0,0,5.46651e+06,3
lf88,1818,971503,849,97,5307,2,1182120,2,1816,2379,0,1,2.72241e+06,3
liuping1976,774,1387116,387,24,18174,4,1408480,3,4966,2664,22,3,6.11241e+06,3
marksman_Kitteh,1305,1005479,1060,119,3220,2,1216360,2,887,3261,14,16,2.43816e+06,1
mazzachief,1133,912996,1237,0,7773,11,2387640,5,4191,2552,38,8,3.30099e+06,2
misterframe,1132,725767,1946,62,12055,13,2380320,5,3277,2236,17,23,5.79067e+06,2
mojist,1127,1127225,1834,340,9429,9,2298020,4,3942,2981,0,0,5.70842e+06,2
n0rdfriese,4350,849231,1796,130,10562,12,1969120,3,1282,2718,25,1,380275,2
ngwing9199,2636,569122,1165,51,7256,4,1130290,2,1824,3527,0,0,3.51859e+06,1
nickodOna,991,776675,2660,74,8768,1,1548470,3,3488,2946,2,0,6.09385e+06,2
paillery_qhg0dr,1033,1253578,1484,592,10626,15,1654590,4,3073,3787,11,3,4.34051e+06,2
panhanbai,851,333946,694,62,3312,4,1070080,2,1653,1921,0,0,3.83545e+06,3
run2theHills,1056,1163934,679,61,7257,7,1977050,3,2686,1709,4,6,4.95789e+06,2
skytiring,1600,858414,983,416,6958,10,1464260,3,1972,1994,30,12,2.98572e+06,3
stigenius,1303,898505,1845,554,10035,25,1853220,3,4498,2327,4,3,5.74223e+06,2
stonyti,604,750746,767,189,5643,9,1878390,4,2418,1998,26,10,3.84083e+06,2
submarines12,950,667139,1542,562,5903,3,1433280,2,1356,1738,22,2,2.8405e+06,3
suichan315,738,1264119,862,550,3751,30,2736600,8,4204,2678,0,0,6.07711e+06,3
tasselsa,974,875645,504,0,4063,23,2032910,3,1622,2345,2,4,641038,2
tautatu,1415,1504677,1233,243,2799,4,1737480,4,2583,3508,0,0,4.17942e+06,3
tchort666,907,1394930,11,11,2366,3,2302380,6,5022,3577,0,0,8.04602e+06,2
thanga5,1360,1425207,4276,7,20218,3,3272880,7,5420,1843,5,1,1.78851e+06,3
thirtyNsick,1824,1095468,3535,268,11364,5,2664990,6,2511,2528,8,0,4.21486e+06,2
thizzlemenizzle,1174,1123902,1265,76,8856,7,1773920,3,2059,2656,8,1,3.45323e+06,2
timewarp420,1189,1612905,176,38,586,1,2624200,6,3996,1684,17,10,6.95796e+06,1
trigga6699,762,779897,2701,62,6787,11,1886870,3,2763,3222,8,4,3.85982e+06,2
vondervolf,2275,1165616,3311,71,15989,9,2363380,4,2644,2497,18,6,2.54445e+06,2
woow-look-at-me,930,980805,2157,79,8760,6,1436970,3,2346,2872,1,0,4.11028e+06,2
xJayson,1169,621386,1624,133,8188,3,2106360,5,4468,3799,22,2,2.53485e+06,2
xTriceps,1335,883510,4275,14,5249,453,1757080,3,1978,2851,12,2,2.3186e+06,2
xViper-Clone,988,1361033,5905,11,22965,3,2663670,5,3710,3395,0,0,3.87416e+06,1
zepolsuil,885,1123116,1937,185,10690,7,1677820,2,2048,1112,36,23,2.58403e+06,2
-BoD-BaeM,801,1075302,2277,224,10332,10,2768050,6,2065,2118,19,5,1.1714e+06,2
0o0Seraphin0o0,1302,1685871,1172,135,6591,4,2241940,5,2998,2577,119,9,4.77176e+06,0
1-800-Got-Rekt,738,1227550,1853,138,7183,3,3081730,7,3688,3465,82,15,6.35047e+06,1
1-Reima-1,4120,833771,5941,83,15826,7,1951440,3,2812,2890,7,8,4.59244e+06,2
1337_FoxGer,1031,753391,2534,18,11104,3,1984440,4,2408,2496,4,2,2.91017e+06,2
Bang-pombo,1674,883716,1065,46,4108,2,1474660,3,1384,3389,4,1,2.38336e+06,2
BloodRed63,1526,1705385,0,2,4819,8,3046620,7,4872,6209,50,10,9.90774e+06,1
Bluedomino13,1126,1493753,452,336,12969,7,1467690,3,2583,6501,17,12,4.26747e+06,3
BruceLeeeeeeeroy,648,1402249,2084,641,12031,10,2647850,6,3703,3335,3,0,7.36295e+06,1
Burnstr1ker,838,987662,1561,70,8037,4,1743490,4,2650,4780,8,4,3.36899e+06,2
Cacapantz,1641,1602692,2308,336,16530,11,2487460,6,3693,5274,0,0,5.57044e+06,1
CaptainBowenZ,1409,711825,867,216,10619,12,1455850,2,2850,2648,21,3,3.87877e+06,3
Cat7over,1370,902169,2056,356,6714,4,2110680,4,1748,2789,53,12,3.64405e+06,1
Change_NL,789,931112,2570,50,11976,7,2018110,3,3240,3285,26,3,3.45148e+06,2
Cheeky_Maccer,557,864057,2855,51,8348,6,2406890,6,4594,3344,0,1,6.71652e+06,1
Combatcake,1325,1327562,1228,78,7731,7,2005980,4,3185,4716,2,1,5.61097e+06,2
CorpMaxKlinger,1863,1160738,487,52,4509,18,1845270,2,1233,1315,0,2,2.10436e+06,0
Cr4zYL0c0,1625,1095280,1298,22,7094,6,1597030,3,2122,2517,14,11,1.8115e+06,2
Crossxroads,699,1231752,929,418,5820,5,1723840,3,1952,3009,2,5,3.76809e+06,1
D0CNIK,1164,1360521,1315,170,7095,4,1715900,4,4229,4928,6,0,6.03306e+06,1
DOO_BOP_DOO,717,999949,1442,160,7261,9,1002900,2,2770,4994,0,0,4.78312e+06,3
DaWhup,1034,1049191,2515,123,14638,4,2066580,4,2587,3141,24,5,3.62036e+06,2
DamBaLLaA1,997,959395,1247,24,5037,1,1569200,3,2531,3006,0,0,4.49527e+06,2
Damnamite,673,1396410,2124,108,7227,5,1405770,3,2544,3973,2,1,3.50755e+06,2
DapiguMiaomiao,608,1000746,1774,95,10284,5,1190120,2,3224,3330,0,0,4.82771e+06,3
DeadlyDerka,985,1309934,233,125,1131,10,1700810,4,3292,2525,0,0,6.43059e+06,3
DerekNielsen,645,1402353,3075,312,6594,6,2150670,6,3605,3461,24,14,4.93789e+06,3
Die_Hard_1111111,570,980945,378,22,4646,2,2234130,4,2231,2355,15,7,813525,2
DinWh1te,821,651413,1096,98,6281,8,1952070,3,2840,1876,143,59,2.97686e+06,2
Ding_Ch4vez,708,1033098,1212,144,5042,5,1830910,4,1972,2809,36,7,2.91038e+06,2
DoornboschG,1436,599106,768,43,4666,7,2117370,5,3171,2806,23,14,2.25546e+06,2
Hendrik1693,988,441067,1389,160,5450,3,1755660,2,2118,2126,5,0,4.5784e+06,2
Jebadiahz,684,1319569,38,18,361,1,1240400,2,4623,4108,0,0,8.39698e+06,2
Jo3l_Chen,1711,1176014,753,55,4035,2,2076320,6,4749,5517,0,0,6.01468e+06,3
John_S_227b,2417,1790684,1292,485,19446,13,2976600,7,4995,6006,0,1,6.97487e+06,2
Jumpy-B-L,1017,1078580,1321,183,6907,8,1971000,4,1705,3908,21,6,3.1837e+06,1
KSA-Chiefjustice,781,1453659,1497,56,4295,5,2466360,5,3483,2178,27,12,3.46215e+06,2
MrTurist,1276,590971,705,50,4815,11,1576700,2,3002,2875,0,1,5.17709e+06,2
MrTwixted,1100,696955,985,79,5773,4,1217240,2,1731,2973,64,6,3.41536e+06,1
Mralek,790,1040353,1911,496,8219,6,2193360,4,2610,5864,40,6,4.68569e+06,2
NoTax-Wifi-Zone,1014,1330344,578,692,9146,14,1684710,3,1905,3145,0,0,5.06865e+06,3
Pathfinder0000,647,1678377,1145,101,6774,27,3719910,9,8004,8698,0,0,1.27901e+07,2
Patrick_damn,1316,1098740,1871,90,6235,8,2022900,4,2200,3060,206,30,2.8188e+06,3
PepeSilvia2287,1026,1354706,2287,176,7053,26,2414620,4,1637,5042,0,0,611460,1
Pookim,564,1361856,707,747,4357,3,1269340,2,2165,2600,0,0,6.32467e+06,2
Pranik832,977,1180221,2281,12,9801,10,1425480,1,912,1946,10,11,467625,2
QuietSoldiers,839,980368,1868,3,5474,3,1788660,3,3127,3153,29,9,1.70927e+06,3
R0ad_Runn3r_383,1490,1000619,2900,111,19210,9,3158570,6,3426,2103,13,6,3.04315e+06,2
Rambos_Nachbar,1095,1032590,3565,108,10078,4,1963200,4,3322,5534,17,13,3.09682e+06,2
Razer043,988,902686,1950,26,15003,8,1617380,3,3477,3094,9,1,5.22153e+06,2
RexZAtrium,1684,595557,1957,189,5909,3,1519680,2,1325,2880,12,2,2.52655e+06,2
Riseszle,787,656741,1498,157,6439,2,1473840,3,2400,2784,18,3,4.12731e+06,2
Sapiens-Sapiens,1065,1619042,3673,114,8468,6,4003570,10,6190,3269,3,1,8.34019e+06,0
SniperLeFou,1407,1832378,359,50,3765,4,2241360,4,1966,3676,1,0,5.46163e+06,0
SomethinLikeDis,719,1096282,1727,249,14244,9,3451840,11,6406,3277,20,3,4.11028e+06,1
Spacepoepy,324,1406036,788,25,3971,4,1888280,5,3792,3963,9,4,4.4027e+06,2
d3r_OnK3L,801,883565,2586,132,7267,2,2319240,4,1734,3461,616,169,2.03635e+06,2
janus1974,631,1425069,1862,62,2635,2,2891500,7,1742,2601,0,0,3.54236e+06,2
xAufter,1005,771920,2066,170,11732,12,2314260,4,2960,3780,0,0,5.03229e+06,2
38irk-Vorob,975,947445,766,77,4766,2,1406490,3,2673,3592,6,0,3.1747e+06,2
APEPExd,879,660870,598,52,2826,2,1430680,2,1410,2436,5,1,1.75879e+06,2
Bundyland,1133,1523378,1605,132,10283,10,2993670,6,3137,2489,4,4,2.02438e+06,2
CHN-ElwinRommel,1047,1592730,775,153,6040,14,2057230,5,3761,4226,0,0,5.2963e+06,3
CLUB-magenta,641,1239636,413,587,2985,7,2170240,5,3716,2934,8,6,6.63563e+06,2
Chill_Schweiger,1422,855780,2068,253,8139,6,1935270,4,2468,3803,4,9,3.17531e+06,2
Col_Platinum,1330,959322,2494,328,7546,7,1918200,4,3715,5417,9,6,5.27811e+06,3
Comolokko-TR07,3164,1672590,1319,100,5630,4,2023260,4,970,2265,105,35,514650,2
Creisi,858,1268798,2853,283,25246,23,2528880,3,1493,3498,0,1,313630,2
LiquidGravi7y,1232,1684368,1842,109,11234,10,2266120,5,2314,3811,1,2,3.64524e+06,2
Mischbrot_ZD,1084,1103235,1616,90,7199,5,2482420,5,2486,3084,104,53,1.24092e+06,2
Mr_SyNa,989,1139961,3583,128,27490,10,2073520,4,4672,3265,0,0,9.78538e+06,3
